"Denominazione","Codice Catastale"
"abano terme","A001"
"abbadia cerreto","A004"
"abbadia lariana","A005"
"abbadia san salvatore","A006"
"abbasanta","A007"
"abbateggio","A008"
"abbiategrasso","A010"
"abetone cutigliano","M376"
"abriola","A013"
"acate","A014"
"accadia","A015"
"acceglio","A016"
"accettura","A017"
"acciano","A018"
"accumoli","A019"
"acerenza","A020"
"acerno","A023"
"acerra","A024"
"aci bonaccorsi","A025"
"aci castello","A026"
"aci catena","A027"
"aci sant'antonio","A029"
"acireale","A028"
"acquafondata","A032"
"acquaformosa","A033"
"acquafredda","A034"
"acqualagna","A035"
"acquanegra cremonese","A039"
"acquanegra sul chiese","A038"
"acquapendente","A040"
"acquappesa","A041"
"acquaro","A043"
"acquasanta terme","A044"
"acquasparta","A045"
"acquaviva collecroce","A050"
"acquaviva picena","A047"
"acquaviva platani","A049"
"acquaviva d'isernia","A051"
"acquaviva delle fonti","A048"
"acquedolci","M211"
"acqui terme","A052"
"acri","A053"
"acuto","A054"
"adelfia","A055"
"adrano","A056"
"adrara san martino","A057"
"adrara san rocco","A058"
"adria","A059"
"adro","A060"
"affi","A061"
"affile","A062"
"afragola","A064"
"africo","A065"
"agazzano","A067"
"agerola","A068"
"aggius","A069"
"agira","A070"
"agliana","A071"
"agliano terme","A072"
"aglientu","H848"
"agliè","A074"
"agna","A075"
"agnadello","A076"
"agnana calabra","A077"
"agnone","A080"
"agnosine","A082"
"agordo","A083"
"agosta","A084"
"agra","A085"
"agrate brianza","A087"
"agrate conturbia","A088"
"agrigento","A089"
"agropoli","A091"
"agugliano","A092"
"agugliaro","A093"
"aicurzio","A096"
"aidomaggiore","A097"
"aidone","A098"
"aielli","A100"
"aiello calabro","A102"
"aiello del friuli","A103"
"aiello del sabato","A101"
"aieta","A105"
"ailano","A106"
"ailoche","A107"
"airasca","A109"
"airola","A110"
"airole","A111"
"airuno","A112"
"aisone","A113"
"ala","A116"
"ala di stura","A117"
"alagna","A118"
"alagna valsesia","A119"
"alanno","A120"
"alassio","A122"
"alatri","A123"
"alba","A124"
"alba adriatica","A125"
"albagiara","A126"
"albairate","A127"
"albanella","A128"
"albano laziale","A132"
"albano sant'alessandro","A129"
"albano vercellese","A130"
"albano di lucania","A131"
"albaredo d'adige","A137"
"albaredo per san marco","A135"
"albareto","A138"
"albaretto della torre","A139"
"albavilla","A143"
"albenga","A145"
"albera ligure","A146"
"alberobello","A149"
"alberona","A150"
"albese con cassano","A153"
"albettone","A154"
"albi","A155"
"albiano","A158"
"albiano d'ivrea","A157"
"albiate","A159"
"albidona","A160"
"albignasego","A161"
"albinea","A162"
"albino","A163"
"albiolo","A164"
"albisola superiore","A166"
"albissola marina","A165"
"albizzate","A167"
"albonese","A171"
"albosaggia","A172"
"albugnano","A173"
"albuzzano","A175"
"alcamo","A176"
"alcara li fusi","A177"
"aldeno","A178"
"aldino","A179"
"ales","A180"
"alessandria","A182"
"alessandria del carretto","A183"
"alessandria della rocca","A181"
"alessano","A184"
"alezio","A185"
"alfano","A186"
"alfedena","A187"
"alfianello","A188"
"alfiano natta","A189"
"alfonsine","A191"
"alghero","A192"
"algua","A193"
"alia","A195"
"aliano","A196"
"alice bel colle","A197"
"alice castello","A198"
"alife","A200"
"alimena","A202"
"aliminusa","A203"
"allai","A204"
"alleghe","A206"
"allein","A205"
"allerona","A207"
"alliste","A208"
"allumiere","A210"
"alluvioni piovera","M397"
"almenno san bartolomeo","A216"
"almenno san salvatore","A217"
"almese","A218"
"almè","A214"
"alonte","A220"
"alpago","M375"
"alpette","A221"
"alpignano","A222"
"alseno","A223"
"alserio","A224"
"alta val tidone","M386"
"alta valle intelvi","M383"
"altamura","A225"
"altare","A226"
"altavalle","M349"
"altavilla irpina","A228"
"altavilla milicia","A229"
"altavilla monferrato","A227"
"altavilla silentina","A230"
"altavilla vicentina","A231"
"altidona","A233"
"altilia","A234"
"altino","A235"
"altissimo","A236"
"altivole","A237"
"alto","A238"
"alto reno terme","M369"
"alto sermenza","M389"
"altofonte","A239"
"altomonte","A240"
"altopascio","A241"
"altopiano della vigolana","M350"
"alviano","A242"
"alvignano","A243"
"alvito","A244"
"alzano lombardo","A246"
"alzano scrivia","A245"
"alzate brianza","A249"
"alà dei sardi","A115"
"alì","A194"
"alì terme","A201"
"amalfi","A251"
"amandola","A252"
"amantea","A253"
"amaro","A254"
"amaroni","A255"
"amaseno","A256"
"amato","A257"
"amatrice","A258"
"ambivere","A259"
"amblar-don","M351"
"ameglia","A261"
"amelia","A262"
"amendolara","A263"
"ameno","A264"
"amorosi","A265"
"ampezzo","A267"
"anacapri","A268"
"anagni","A269"
"ancarano","A270"
"ancona","A271"
"andali","A272"
"andalo","A274"
"andalo valtellino","A273"
"andezeno","A275"
"andora","A278"
"andorno micca","A280"
"andrano","A281"
"andrate","A282"
"andreis","A283"
"andretta","A284"
"andria","A285"
"andriano","A286"
"anela","A287"
"anfo","A288"
"angera","A290"
"anghiari","A291"
"angiari","A292"
"angolo terme","A293"
"angri","A294"
"angrogna","A295"
"anguillara sabazia","A297"
"anguillara veneta","A296"
"annicco","A299"
"annone veneto","A302"
"annone di brianza","A301"
"anoia","A303"
"antegnate","A304"
"anterivo","A306"
"antey-saint-andré","A305"
"anticoli corrado","A309"
"antignano","A312"
"antillo","A313"
"antonimina","A314"
"antrodoco","A315"
"antrona schieranco","A317"
"anversa degli abruzzi","A318"
"anzano del parco","A319"
"anzano di puglia","A320"
"anzi","A321"
"anzio","A323"
"anzola d'ossola","A325"
"anzola dell'emilia","A324"
"aosta","A326"
"apecchio","A327"
"apice","A328"
"apiro","A329"
"apollosa","A330"
"appiano gentile","A333"
"appiano sulla strada del vino","A332"
"appignano","A334"
"appignano del tronto","A335"
"aprica","A337"
"apricale","A338"
"apricena","A339"
"aprigliano","A340"
"aprilia","A341"
"aquara","A343"
"aquila d'arroscia","A344"
"aquileia","A346"
"aquilonia","A347"
"aquino","A348"
"aradeo","A350"
"aragona","A351"
"aramengo","A352"
"arba","A354"
"arborea","A357"
"arborio","A358"
"arbus","A359"
"arcade","A360"
"arce","A363"
"arcene","A365"
"arcevia","A366"
"archi","A367"
"arcidosso","A369"
"arcinazzo romano","A370"
"arcisate","A371"
"arco","A372"
"arcola","A373"
"arcole","A374"
"arconate","A375"
"arcore","A376"
"arcugnano","A377"
"ardara","A379"
"ardauli","A380"
"ardea","M213"
"ardenno","A382"
"ardesio","A383"
"ardore","A385"
"arena","A386"
"arena po","A387"
"arenzano","A388"
"arese","A389"
"arezzo","A390"
"argegno","A391"
"argelato","A392"
"argenta","A393"
"argentera","A394"
"arguello","A396"
"argusto","A397"
"ari","A398"
"ariano irpino","A399"
"ariano nel polesine","A400"
"ariccia","A401"
"arielli","A402"
"arienzo","A403"
"arignano","A405"
"aritzo","A407"
"arizzano","A409"
"arlena di castro","A412"
"arluno","A413"
"armeno","A414"
"armento","A415"
"armo","A418"
"armungia","A419"
"arnad","A424"
"arnara","A421"
"arnasco","A422"
"arnesano","A425"
"arola","A427"
"arona","A429"
"arosio","A430"
"arpaia","A431"
"arpaise","A432"
"arpino","A433"
"arquata scrivia","A436"
"arquata del tronto","A437"
"arquà petrarca","A434"
"arquà polesine","A435"
"arre","A438"
"arrone","A439"
"arsago seprio","A441"
"arsiero","A444"
"arsita","A445"
"arsiè","A443"
"arsoli","A446"
"arta terme","A447"
"artegna","A448"
"artena","A449"
"artogne","A451"
"arvier","A452"
"arzachena","A453"
"arzago d'adda","A440"
"arzana","A454"
"arzano","A455"
"arzergrande","A458"
"arzignano","A459"
"ascea","A460"
"asciano","A461"
"ascoli piceno","A462"
"ascoli satriano","A463"
"ascrea","A464"
"asiago","A465"
"asigliano veneto","A467"
"asigliano vercellese","A466"
"asola","A470"
"asolo","A471"
"assago","A473"
"assemini","A474"
"assisi","A475"
"asso","A476"
"assolo","A477"
"assoro","A478"
"asti","A479"
"asuni","A480"
"ateleta","A481"
"atella","A482"
"atena lucana","A484"
"atessa","A485"
"atina","A486"
"atrani","A487"
"atri","A488"
"atripalda","A489"
"attigliano","A490"
"attimis","A491"
"atzara","A492"
"augusta","A494"
"auletta","A495"
"aulla","A496"
"aurano","A497"
"aurigo","A499"
"auronzo di cadore","A501"
"ausonia","A502"
"austis","A503"
"avegno","A506"
"avelengo","A507"
"avella","A508"
"avellino","A509"
"averara","A511"
"aversa","A512"
"avetrana","A514"
"avezzano","A515"
"aviano","A516"
"aviatico","A517"
"avigliana","A518"
"avigliano","A519"
"avigliano umbro","M258"
"avio","A520"
"avise","A521"
"avola","A522"
"avolasca","A523"
"ayas","A094"
"aymavilles","A108"
"azeglio","A525"
"azzanello","A526"
"azzano decimo","A530"
"azzano mella","A529"
"azzano san paolo","A528"
"azzano d'asti","A527"
"azzate","A531"
"azzio","A532"
"azzone","A533"
"baceno","A534"
"bacoli","A535"
"badalucco","A536"
"badesi","M214"
"badia","A537"
"badia calavena","A540"
"badia pavese","A538"
"badia polesine","A539"
"badia tedalda","A541"
"badolato","A542"
"bagaladi","A544"
"bagheria","A546"
"bagnacavallo","A547"
"bagnara calabra","A552"
"bagnara di romagna","A551"
"bagnaria","A550"
"bagnaria arsa","A553"
"bagnasco","A555"
"bagnatica","A557"
"bagni di lucca","A560"
"bagno a ripoli","A564"
"bagno di romagna","A565"
"bagnoli irpino","A566"
"bagnoli del trigno","A567"
"bagnoli di sopra","A568"
"bagnolo cremasco","A570"
"bagnolo mella","A569"
"bagnolo piemonte","A571"
"bagnolo san vito","A575"
"bagnolo del salento","A572"
"bagnolo di po","A574"
"bagnolo in piano","A573"
"bagnone","A576"
"bagnoregio","A577"
"bagolino","A578"
"baia e latina","A579"
"baiano","A580"
"bairo","A584"
"baiso","A586"
"bajardo","A581"
"balangero","A587"
"baldichieri d'asti","A588"
"baldissero canavese","A590"
"baldissero torinese","A591"
"baldissero d'alba","A589"
"balestrate","A592"
"balestrino","A593"
"ballabio","A594"
"ballao","A597"
"balme","A599"
"balmuccia","A600"
"balocco","A601"
"balsorano","A603"
"balvano","A604"
"balzola","A605"
"banari","A606"
"banchette","A607"
"bannio anzino","A610"
"banzi","A612"
"baone","A613"
"baradili","A614"
"baragiano","A615"
"baranello","A616"
"barano d'ischia","A617"
"baranzate","A618"
"barasso","A619"
"baratili san pietro","A621"
"barbania","A625"
"barbara","A626"
"barbarano mossano","M401"
"barbarano romano","A628"
"barbaresco","A629"
"barbariga","A630"
"barbata","A631"
"barberino tavarnelle","M408"
"barberino di mugello","A632"
"barbianello","A634"
"barbiano","A635"
"barbona","A637"
"barcellona pozzo di gotto","A638"
"barcis","A640"
"bard","A643"
"bardello con malgesso e bregano","M433"
"bardi","A646"
"bardineto","A647"
"bardolino","A650"
"bardonecchia","A651"
"bareggio","A652"
"barengo","A653"
"baressa","A655"
"barete","A656"
"barga","A657"
"bargagli","A658"
"barge","A660"
"barghe","A661"
"bari","A662"
"bari sardo","A663"
"bariano","A664"
"baricella","A665"
"barile","A666"
"barisciano","A667"
"barlassina","A668"
"barletta","A669"
"barni","A670"
"barolo","A671"
"barone canavese","A673"
"baronissi","A674"
"barrafranca","A676"
"barrali","A677"
"barrea","A678"
"barumini","A681"
"barzago","A683"
"barzana","A684"
"barzanò","A686"
"barzio","A687"
"basaluzzo","A689"
"bascapè","A690"
"baschi","A691"
"basciano","A692"
"baselga di pinè","A694"
"baselice","A696"
"basiano","A697"
"basicò","A698"
"basiglio","A699"
"basiliano","A700"
"bassano bresciano","A702"
"bassano romano","A704"
"bassano del grappa","A703"
"bassano in teverina","A706"
"bassiano","A707"
"bassignana","A708"
"bastia mondovì","A709"
"bastia umbra","A710"
"bastida pancarana","A712"
"bastiglia","A713"
"battaglia terme","A714"
"battifollo","A716"
"battipaglia","A717"
"battuda","A718"
"baucina","A719"
"bauladu","A721"
"baunei","A722"
"baveno","A725"
"bedero valcuvia","A728"
"bedizzole","A729"
"bedollo","A730"
"bedonia","A731"
"bedulita","A732"
"bee","A733"
"beinasco","A734"
"beinette","A735"
"belcastro","A736"
"belfiore","A737"
"belforte monferrato","A738"
"belforte all'isauro","A740"
"belforte del chienti","A739"
"belgioioso","A741"
"belgirate","A742"
"bella","A743"
"bellagio","M335"
"bellano","A745"
"bellante","A746"
"bellaria-igea marina","A747"
"bellegra","A749"
"bellino","A750"
"bellinzago lombardo","A751"
"bellinzago novarese","A752"
"bellizzi","M294"
"bellona","A755"
"bellosguardo","A756"
"belluno","A757"
"bellusco","A759"
"belmonte calabro","A762"
"belmonte castello","A763"
"belmonte mezzagno","A764"
"belmonte piceno","A760"
"belmonte del sannio","A761"
"belmonte in sabina","A765"
"belpasso","A766"
"belsito","A768"
"belvedere langhe","A774"
"belvedere marittimo","A773"
"belvedere ostrense","A769"
"belvedere di spinello","A772"
"belveglio","A770"
"belvì","A776"
"bema","A777"
"bene lario","A778"
"bene vagienna","A779"
"benestare","A780"
"benetutti","A781"
"benevello","A782"
"benevento","A783"
"benna","A784"
"bentivoglio","A785"
"berbenno","A786"
"berbenno di valtellina","A787"
"berceto","A788"
"berchidda","A789"
"beregazzo con figliaro","A791"
"bereguardo","A792"
"bergamasco","A793"
"bergamo","A794"
"bergantino","A795"
"bergeggi","A796"
"bergolo","A798"
"berlingo","A799"
"bernalda","A801"
"bernareggio","A802"
"bernate ticino","A804"
"bernezzo","A805"
"bertinoro","A809"
"bertiolo","A810"
"bertonico","A811"
"berzano di san pietro","A812"
"berzano di tortona","A813"
"berzo demo","A816"
"berzo inferiore","A817"
"berzo san fermo","A815"
"besana in brianza","A818"
"besano","A819"
"besate","A820"
"besenello","A821"
"besenzone","A823"
"besnate","A825"
"besozzo","A826"
"bessude","A827"
"bettola","A831"
"bettona","A832"
"beura-cardezza","A834"
"bevagna","A835"
"beverino","A836"
"bevilacqua","A837"
"biancavilla","A841"
"bianchi","A842"
"bianco","A843"
"biandrate","A844"
"biandronno","A845"
"bianzano","A846"
"bianzone","A848"
"bianzè","A847"
"biassono","A849"
"bibbiano","A850"
"bibbiena","A851"
"bibbona","A852"
"bibiana","A853"
"biccari","A854"
"bicinicco","A855"
"bidonì","A856"
"biella","A859"
"bienno","A861"
"bieno","A863"
"bientina","A864"
"binago","A870"
"binasco","A872"
"binetto","A874"
"bioglio","A876"
"bionaz","A877"
"bione","A878"
"birori","A880"
"bisaccia","A881"
"bisacquino","A882"
"bisceglie","A883"
"bisegna","A884"
"bisenti","A885"
"bisignano","A887"
"bistagno","A889"
"bisuschio","A891"
"bitetto","A892"
"bitonto","A893"
"bitritto","A894"
"bitti","A895"
"bivona","A896"
"bivongi","A897"
"bizzarone","A898"
"bleggio superiore","A902"
"blello","A903"
"blera","A857"
"blessagno","A904"
"blevio","A905"
"blufi","M268"
"boara pisani","A906"
"bobbio","A909"
"bobbio pellice","A910"
"boca","A911"
"bocchigliero","A912"
"boccioleto","A914"
"bocenago","A916"
"bodio lomnago","A918"
"boffalora d'adda","A919"
"boffalora sopra ticino","A920"
"bogliasco","A922"
"bognanco","A925"
"bogogno","A929"
"boissano","A931"
"bojano","A930"
"bolano","A932"
"bolgare","A937"
"bollate","A940"
"bollengo","A941"
"bologna","A944"
"bolognano","A945"
"bolognetta","A946"
"bolognola","A947"
"bolotana","A948"
"bolsena","A949"
"boltiere","A950"
"bolzano","A952"
"bolzano novarese","A953"
"bolzano vicentino","A954"
"bomarzo","A955"
"bomba","A956"
"bompensiere","A957"
"bompietro","A958"
"bomporto","A959"
"bonarcado","A960"
"bonassola","A961"
"bonate sopra","A963"
"bonate sotto","A962"
"bonavigo","A964"
"bondeno","A965"
"bondone","A968"
"bonea","A970"
"bonefro","A971"
"bonemerse","A972"
"bonifati","A973"
"bonito","A975"
"bonnanaro","A976"
"bono","A977"
"bonorva","A978"
"bonvicino","A979"
"borbona","A981"
"borca di cadore","A982"
"bordano","A983"
"bordighera","A984"
"bordolano","A986"
"bore","A987"
"boretto","A988"
"borgarello","A989"
"borgaro torinese","A990"
"borgetto","A991"
"borghetto lodigiano","A995"
"borghetto santo spirito","A999"
"borghetto d'arroscia","A993"
"borghetto di borbera","A998"
"borghetto di vara","A992"
"borghi","B001"
"borgia","B002"
"borgiallo","B003"
"borgio verezzi","B005"
"borgo chiese","M352"
"borgo lares","M353"
"borgo mantovano","M396"
"borgo pace","B026"
"borgo priolo","B028"
"borgo san dalmazzo","B033"
"borgo san giacomo","B035"
"borgo san giovanni","B017"
"borgo san lorenzo","B036"
"borgo san martino","B037"
"borgo san siro","B038"
"borgo ticino","B043"
"borgo tossignano","B044"
"borgo val di taro","B042"
"borgo valbelluna","M421"
"borgo valsugana","B006"
"borgo velino","A996"
"borgo veneto","M402"
"borgo vercelli","B046"
"borgo virgilio","M340"
"borgo a mozzano","B007"
"borgo d'ale","B009"
"borgo d'anaunia","M429"
"borgo di terzo","B010"
"borgocarbonara","M406"
"borgofranco d'ivrea","B015"
"borgolavezzaro","B016"
"borgomale","B018"
"borgomanero","B019"
"borgomaro","B020"
"borgomasino","B021"
"borgomezzavalle","M370"
"borgone susa","B024"
"borgonovo val tidone","B025"
"borgoratto alessandrino","B029"
"borgoratto mormorolo","B030"
"borgoricco","B031"
"borgorose","B008"
"borgosatollo","B040"
"borgosesia","B041"
"bormida","B048"
"bormio","B049"
"bornasco","B051"
"borno","B054"
"boroneddu","B055"
"borore","B056"
"borrello","B057"
"borriana","B058"
"borso del grappa","B061"
"bortigali","B062"
"bortigiadas","B063"
"borutta","B064"
"borzonasca","B067"
"bosa","B068"
"bosaro","B069"
"boschi sant'anna","B070"
"bosco chiesanuova","B073"
"bosco marengo","B071"
"bosconero","B075"
"boscoreale","B076"
"boscotrecase","B077"
"bosia","B079"
"bosio","B080"
"bosisio parini","B081"
"bosnasco","B082"
"bossico","B083"
"bossolasco","B084"
"botricello","B085"
"botrugno","B086"
"bottanuco","B088"
"botticino","B091"
"bottidda","B094"
"bova","B097"
"bova marina","B099"
"bovalino","B098"
"bovegno","B100"
"boves","B101"
"bovezzo","B102"
"boville ernica","A720"
"bovino","B104"
"bovisio-masciago","B105"
"bovolenta","B106"
"bovolone","B107"
"bozzole","B109"
"bozzolo","B110"
"bra","B111"
"bracca","B112"
"bracciano","B114"
"bracigliano","B115"
"braies","B116"
"brallo di pregola","B117"
"brancaleone","B118"
"brandico","B120"
"brandizzo","B121"
"branzi","B123"
"braone","B124"
"brebbia","B126"
"breda di piave","B128"
"breganze","B132"
"bregnano","B134"
"brembate","B137"
"brembate di sopra","B138"
"brembio","B141"
"breme","B142"
"brendola","B143"
"brenna","B144"
"brennero","B145"
"breno","B149"
"brenta","B150"
"brentino belluno","B152"
"brentonico","B153"
"brenzone sul garda","B154"
"brescello","B156"
"brescia","B157"
"bresimo","B158"
"bressana bottarone","B159"
"bressanone","B160"
"bressanvido","B161"
"bresso","B162"
"brezzo di bedero","B166"
"briaglia","B167"
"briatico","B169"
"bricherasio","B171"
"brienno","B172"
"brienza","B173"
"briga alta","B175"
"briga novarese","B176"
"brignano gera d'adda","B178"
"brignano-frascata","B179"
"brindisi","B180"
"brindisi montagna","B181"
"brinzio","B182"
"briona","B183"
"brione","B184"
"briosco","B187"
"brisighella","B188"
"brissago-valtravaglia","B191"
"brissogne","B192"
"brittoli","B193"
"brivio","B194"
"broccostella","B195"
"brogliano","B196"
"brognaturo","B197"
"brolo","B198"
"brondello","B200"
"broni","B201"
"bronte","B202"
"bronzolo","B203"
"brossasco","B204"
"brosso","B205"
"brovello-carpugnino","B207"
"brozolo","B209"
"brugherio","B212"
"brugine","B213"
"brugnato","B214"
"brugnera","B215"
"bruino","B216"
"brumano","B217"
"brunate","B218"
"brunello","B219"
"brunico","B220"
"bruno","B221"
"brusaporto","B223"
"brusasco","B225"
"brusciano","B227"
"brusimpiano","B228"
"brusnengo","B229"
"brusson","B230"
"bruzolo","B232"
"bruzzano zeffirio","B234"
"bubbiano","B235"
"bubbio","B236"
"buccheri","B237"
"bucchianico","B238"
"bucciano","B239"
"buccinasco","B240"
"buccino","B242"
"bucine","B243"
"buddusò","B246"
"budoia","B247"
"budoni","B248"
"budrio","B249"
"buggerru","B250"
"buggiano","B251"
"buglio in monte","B255"
"bugnara","B256"
"buguggiate","B258"
"buja","B259"
"bulciago","B261"
"bulgarograsso","B262"
"bultei","B264"
"bulzi","B265"
"buonabitacolo","B266"
"buonalbergo","B267"
"buonconvento","B269"
"buonvicino","B270"
"burago di molgora","B272"
"burcei","B274"
"burgio","B275"
"burgos","B276"
"buriasco","B278"
"burolo","B279"
"buronzo","B280"
"busachi","B281"
"busalla","B282"
"busano","B284"
"busca","B285"
"buscate","B286"
"buscemi","B287"
"buseto palizzolo","B288"
"busnago","B289"
"bussero","B292"
"busseto","B293"
"bussi sul tirino","B294"
"busso","B295"
"bussolengo","B296"
"bussoleno","B297"
"busto arsizio","B300"
"busto garolfo","B301"
"butera","B302"
"buti","B303"
"buttapietra","B304"
"buttigliera alta","B305"
"buttigliera d'asti","B306"
"buttrio","B309"
"cabella ligure","B311"
"cabiate","B313"
"cabras","B314"
"caccamo","B315"
"caccuri","B319"
"cadegliano-viconago","B326"
"cadelbosco di sopra","B328"
"cadeo","B332"
"caderzone terme","B335"
"cadoneghe","B345"
"cadorago","B346"
"cadrezzate con osmate","M425"
"caerano di san marco","B349"
"cafasse","B350"
"caggiano","B351"
"cagli","B352"
"cagliari","B354"
"caglio","B355"
"cagnano amiterno","B358"
"cagnano varano","B357"
"caianello","B361"
"caiazzo","B362"
"caines","B364"
"caino","B365"
"caiolo","B366"
"cairano","B367"
"cairate","B368"
"cairo montenotte","B369"
"caivano","B371"
"calabritto","B374"
"calalzo di cadore","B375"
"calamandrana","B376"
"calamonaci","B377"
"calangianus","B378"
"calanna","B379"
"calasca-castiglione","B380"
"calascibetta","B381"
"calascio","B382"
"calasetta","B383"
"calatabiano","B384"
"calatafimi-segesta","B385"
"calcata","B388"
"calceranica al lago","B389"
"calci","B390"
"calciano","B391"
"calcinaia","B392"
"calcinate","B393"
"calcinato","B394"
"calcio","B395"
"calco","B396"
"caldaro sulla strada del vino","B397"
"caldarola","B398"
"calderara di reno","B399"
"caldes","B400"
"caldiero","B402"
"caldogno","B403"
"caldonazzo","B404"
"calendasco","B405"
"calenzano","B406"
"calestano","B408"
"calice ligure","B409"
"calice al cornoviglio","B410"
"calimera","B413"
"calitri","B415"
"calizzano","B416"
"callabiana","B417"
"calliano","B419"
"calliano monferrato","B418"
"calolziocorte","B423"
"calopezzati","B424"
"calosso","B425"
"caloveto","B426"
"caltabellotta","B427"
"caltagirone","B428"
"caltanissetta","B429"
"caltavuturo","B430"
"caltignaga","B431"
"calto","B432"
"caltrano","B433"
"calusco d'adda","B434"
"caluso","B435"
"calvagese della riviera","B436"
"calvanico","B437"
"calvatone","B439"
"calvello","B440"
"calvene","B441"
"calvenzano","B442"
"calvera","B443"
"calvi","B444"
"calvi risorta","B445"
"calvi dell'umbria","B446"
"calvignano","B447"
"calvignasco","B448"
"calvisano","B450"
"calvizzano","B452"
"camagna monferrato","B453"
"camaiore","B455"
"camandona","B457"
"camastra","B460"
"cambiago","B461"
"cambiano","B462"
"cambiasca","B463"
"camburzano","B465"
"camerana","B467"
"camerano","B468"
"camerano casasco","B469"
"camerata cornello","B471"
"camerata nuova","B472"
"camerata picena","B470"
"cameri","B473"
"camerino","B474"
"camerota","B476"
"camigliano","B477"
"camini","B481"
"camino","B482"
"camino al tagliamento","B483"
"camisano","B484"
"camisano vicentino","B485"
"cammarata","B486"
"camogli","B490"
"campagna","B492"
"campagna lupia","B493"
"campagnano di roma","B496"
"campagnatico","B497"
"campagnola cremasca","B498"
"campagnola emilia","B499"
"campana","B500"
"camparada","B501"
"campegine","B502"
"campello sul clitunno","B504"
"campertogno","B505"
"campi bisenzio","B507"
"campi salentina","B506"
"campiglia cervo","M373"
"campiglia marittima","B509"
"campiglia dei berici","B511"
"campiglione fenile","B512"
"campione d'italia","B513"
"campitello di fassa","B514"
"campli","B515"
"campo calabro","B516"
"campo ligure","B538"
"campo san martino","B564"
"campo tures","B570"
"campo di giove","B526"
"campo di trens","B529"
"campo nell'elba","B553"
"campobasso","B519"
"campobello di licata","B520"
"campobello di mazara","B521"
"campochiaro","B522"
"campodarsego","B524"
"campodenno","B525"
"campodimele","B527"
"campodipietra","B528"
"campodolcino","B530"
"campodoro","B531"
"campofelice di fitalia","B533"
"campofelice di roccella","B532"
"campofilone","B534"
"campofiorito","B535"
"campoformido","B536"
"campofranco","B537"
"campogalliano","B539"
"campolattaro","B541"
"campoli appennino","B543"
"campoli del monte taburno","B542"
"campolieto","B544"
"campolongo maggiore","B546"
"campolongo tapogliano","M311"
"campomaggiore","B549"
"campomarino","B550"
"campomorone","B551"
"camponogara","B554"
"campora","B555"
"camporeale","B556"
"camporgiano","B557"
"camporosso","B559"
"camporotondo etneo","B561"
"camporotondo di fiastrone","B562"
"camposampiero","B563"
"camposano","B565"
"camposanto","B566"
"campospinoso albaredo","B567"
"campotosto","B569"
"camugnano","B572"
"canal san bovo","B577"
"canale","B573"
"canale monterano","B576"
"canale d'agordo","B574"
"canaro","B578"
"canazei","B579"
"cancellara","B580"
"cancello ed arnone","B581"
"canda","B582"
"candela","B584"
"candelo","B586"
"candia canavese","B588"
"candia lomellina","B587"
"candiana","B589"
"candida","B590"
"candidoni","B591"
"candiolo","B592"
"canegrate","B593"
"canelli","B594"
"canepina","B597"
"caneva","B598"
"canicattini bagni","B603"
"canicattì","B602"
"canino","B604"
"canischio","B605"
"canistro","B606"
"canna","B607"
"cannalonga","B608"
"cannara","B609"
"cannero riviera","B610"
"canneto pavese","B613"
"canneto sull'oglio","B612"
"cannobio","B615"
"cannole","B616"
"canolo","B617"
"canonica d'adda","B618"
"canosa sannita","B620"
"canosa di puglia","B619"
"canosio","B621"
"canossa","C669"
"cansano","B624"
"cantagallo","B626"
"cantalice","B627"
"cantalupa","B628"
"cantalupo ligure","B629"
"cantalupo in sabina","B631"
"cantalupo nel sannio","B630"
"cantarana","B633"
"cantello","B634"
"canterano","B635"
"cantiano","B636"
"cantoira","B637"
"cantù","B639"
"canzano","B640"
"canzo","B641"
"caorle","B642"
"caorso","B643"
"capaccio paestum","B644"
"capaci","B645"
"capalbio","B646"
"capannoli","B647"
"capannori","B648"
"capena","B649"
"capergnanica","B650"
"capestrano","B651"
"capiago intimiano","B653"
"capistrano","B655"
"capistrello","B656"
"capitignano","B658"
"capizzi","B660"
"capizzone","B661"
"capo d'orlando","B666"
"capo di ponte","B664"
"capodimonte","B663"
"capodrise","B667"
"capoliveri","B669"
"capolona","B670"
"caponago","B671"
"caporciano","B672"
"caposele","B674"
"capoterra","B675"
"capovalle","B676"
"cappadocia","B677"
"cappella cantone","B679"
"cappella maggiore","B678"
"cappella de' picenardi","B680"
"cappelle sul tavo","B681"
"capracotta","B682"
"capraia isola","B685"
"capraia e limite","B684"
"capralba","B686"
"capranica","B688"
"capranica prenestina","B687"
"caprarica di lecce","B690"
"caprarola","B691"
"caprauna","B692"
"caprese michelangelo","B693"
"caprezzo","B694"
"capri","B696"
"capri leone","B695"
"capriana","B697"
"capriano del colle","B698"
"capriata d'orba","B701"
"capriate san gervasio","B703"
"capriati a volturno","B704"
"caprie","B705"
"capriglia irpina","B706"
"capriglio","B707"
"caprile","B708"
"caprino bergamasco","B710"
"caprino veronese","B709"
"capriolo","B711"
"capriva del friuli","B712"
"capua","B715"
"capurso","B716"
"caraffa del bianco","B718"
"caraffa di catanzaro","B717"
"caraglio","B719"
"caramagna piemonte","B720"
"caramanico terme","B722"
"carapelle","B724"
"carapelle calvisio","B725"
"carasco","B726"
"carassai","B727"
"carate brianza","B729"
"carate urio","B730"
"caravaggio","B731"
"caravate","B732"
"caravino","B733"
"caravonica","B734"
"carbognano","B735"
"carbonara scrivia","B736"
"carbonara al ticino","B741"
"carbonara di nola","B740"
"carbonate","B742"
"carbone","B743"
"carbonera","B744"
"carbonia","B745"
"carcare","B748"
"carcoforo","B752"
"cardano al campo","B754"
"cardedu","M285"
"cardeto","B756"
"cardinale","B758"
"cardito","B759"
"cardè","B755"
"careggine","B760"
"carema","B762"
"carenno","B763"
"carentino","B765"
"careri","B766"
"caresana","B767"
"caresanablot","B768"
"carezzano","B769"
"carfizzi","B771"
"cargeghe","B772"
"cariati","B774"
"carife","B776"
"carignano","B777"
"carimate","B778"
"carinaro","B779"
"carini","B780"
"carinola","B781"
"carisio","B782"
"carisolo","B783"
"carlantino","B784"
"carlazzo","B785"
"carlentini","B787"
"carlino","B788"
"carloforte","B789"
"carlopoli","B790"
"carmagnola","B791"
"carmiano","B792"
"carmignano","B794"
"carmignano di brenta","B795"
"carnago","B796"
"carnate","B798"
"carobbio degli angeli","B801"
"carolei","B802"
"carona","B803"
"caronia","B804"
"caronno pertusella","B805"
"caronno varesino","B807"
"carosino","B808"
"carovigno","B809"
"carovilli","B810"
"carpaneto piacentino","B812"
"carpanzano","B813"
"carpegna","B816"
"carpenedolo","B817"
"carpeneto","B818"
"carpi","B819"
"carpiano","B820"
"carpignano salentino","B822"
"carpignano sesia","B823"
"carpineti","B825"
"carpineto romano","B828"
"carpineto sinello","B826"
"carpineto della nora","B827"
"carpino","B829"
"carpinone","B830"
"carrara","B832"
"carrega ligure","B836"
"carro","B838"
"carrodano","B839"
"carrosio","B840"
"carrè","B835"
"carrù","B841"
"carsoli","B842"
"cartigliano","B844"
"cartignano","B845"
"cartoceto","B846"
"cartosio","B847"
"cartura","B848"
"carugate","B850"
"carugo","B851"
"carunchio","B853"
"carvico","B854"
"carzano","B856"
"casabona","B857"
"casacalenda","B858"
"casacanditella","B859"
"casagiove","B860"
"casal cermelli","B870"
"casal velino","B895"
"casal di principe","B872"
"casalanguida","B861"
"casalattico","B862"
"casalbeltrame","B864"
"casalbordino","B865"
"casalbore","B866"
"casalborgone","B867"
"casalbuono","B868"
"casalbuttano ed uniti","B869"
"casalciprano","B871"
"casalduni","B873"
"casale corte cerro","B876"
"casale cremasco-vidolasco","B881"
"casale litta","B875"
"casale marittimo","B878"
"casale monferrato","B885"
"casale di scodosia","B877"
"casale sul sile","B879"
"casalecchio di reno","B880"
"casaleggio boiro","B882"
"casaleggio novara","B883"
"casaleone","B886"
"casaletto ceredano","B889"
"casaletto lodigiano","B887"
"casaletto spartano","B888"
"casaletto vaprio","B891"
"casaletto di sopra","B890"
"casalfiumanese","B892"
"casalgrande","B893"
"casalgrasso","B894"
"casali del manco","M385"
"casalincontrada","B896"
"casalino","B897"
"casalmaggiore","B898"
"casalmaiocco","B899"
"casalmorano","B900"
"casalmoro","B901"
"casalnoceto","B902"
"casalnuovo monterotaro","B904"
"casalnuovo di napoli","B905"
"casaloldo","B907"
"casalpusterlengo","B910"
"casalromano","B911"
"casalserugo","B912"
"casaluce","B916"
"casalvecchio siculo","B918"
"casalvecchio di puglia","B917"
"casalvieri","B919"
"casalvolone","B920"
"casalzuigno","B921"
"casamarciano","B922"
"casamassima","B923"
"casamicciola terme","B924"
"casandrino","B925"
"casanova elvo","B928"
"casanova lerrone","B927"
"casanova lonati","B929"
"casape","B932"
"casapesenna","M260"
"casapinta","B933"
"casaprota","B934"
"casapulla","B935"
"casarano","B936"
"casargo","B937"
"casarile","B938"
"casarsa della delizia","B940"
"casarza ligure","B939"
"casasco","B941"
"casatenovo","B943"
"casatisma","B945"
"casavatore","B946"
"casazza","B947"
"cascia","B948"
"casciago","B949"
"casciana terme lari","M327"
"cascina","B950"
"cascinette d'ivrea","B953"
"casei gerola","B954"
"caselette","B955"
"casella","B956"
"caselle landi","B961"
"caselle lurani","B958"
"caselle torinese","B960"
"caselle in pittari","B959"
"caserta","B963"
"casier","B965"
"casignana","B966"
"casina","B967"
"casirate d'adda","B971"
"caslino d'erba","B974"
"casnate con bernate","B977"
"casnigo","B978"
"casola valsenio","B982"
"casola di napoli","B980"
"casola in lunigiana","B979"
"casole d'elsa","B984"
"casoli","B985"
"casorate primo","B988"
"casorate sempione","B987"
"casorezzo","B989"
"casoria","B990"
"casorzo monferrato","B991"
"casperia","A472"
"caspoggio","B993"
"cassacco","B994"
"cassago brianza","B996"
"cassano irpino","B997"
"cassano magnago","C004"
"cassano spinola","M388"
"cassano valcuvia","B999"
"cassano all'ionio","C002"
"cassano d'adda","C003"
"cassano delle murge","B998"
"cassaro","C006"
"cassiglio","C007"
"cassina rizzardi","C020"
"cassina valsassina","C024"
"cassina de' pecchi","C014"
"cassinasco","C022"
"cassine","C027"
"cassinelle","C030"
"cassinetta di lugagnano","C033"
"cassino","C034"
"cassola","C037"
"cassolnovo","C038"
"castagnaro","C041"
"castagneto carducci","C044"
"castagneto po","C045"
"castagnito","C046"
"castagnole monferrato","C047"
"castagnole piemonte","C048"
"castagnole delle lanze","C049"
"castana","C050"
"castano primo","C052"
"casteggio","C053"
"castegnato","C055"
"castegnero","C056"
"castel baronia","C058"
"castel boglione","C064"
"castel bolognese","C065"
"castel campagnano","B494"
"castel castagna","C040"
"castel condino","C183"
"castel focognano","C102"
"castel frentano","C114"
"castel gabbiano","C115"
"castel gandolfo","C116"
"castel giorgio","C117"
"castel goffredo","C118"
"castel guelfo di bologna","C121"
"castel ivano","M354"
"castel madama","C203"
"castel maggiore","C204"
"castel mella","C208"
"castel morrone","C211"
"castel ritaldi","C252"
"castel rocchero","C253"
"castel rozzone","C255"
"castel san giorgio","C259"
"castel san giovanni","C261"
"castel san lorenzo","C262"
"castel san niccolò","C263"
"castel san pietro romano","C266"
"castel san pietro terme","C265"
"castel san vincenzo","C270"
"castel sant'angelo","C268"
"castel sant'elia","C269"
"castel viscardo","C289"
"castel vittorio","C110"
"castel volturno","C291"
"castel d'aiano","C075"
"castel d'ario","C076"
"castel d'azzano","C078"
"castel del giudice","C082"
"castel del monte","C083"
"castel del piano","C085"
"castel del rio","C086"
"castel di casio","B969"
"castel di ieri","C090"
"castel di iudica","C091"
"castel di lama","C093"
"castel di lucio","C094"
"castel di sangro","C096"
"castel di sasso","C097"
"castel di tora","C098"
"castelbaldo","C057"
"castelbelforte","C059"
"castelbellino","C060"
"castelbello-ciardes","C062"
"castelbianco","C063"
"castelbottaccio","C066"
"castelbuono","C067"
"castelcivita","C069"
"castelcovati","C072"
"castelcucco","C073"
"casteldaccia","C074"
"casteldelci","C080"
"casteldelfino","C081"
"casteldidone","C089"
"castelfidardo","C100"
"castelfiorentino","C101"
"castelforte","C104"
"castelfranci","C105"
"castelfranco emilia","C107"
"castelfranco piandiscò","M322"
"castelfranco veneto","C111"
"castelfranco di sotto","C113"
"castelfranco in miscano","C106"
"castelgerundo","M393"
"castelgomberto","C119"
"castelgrande","C120"
"castelguglielmo","C122"
"castelguidone","C123"
"castell'alfero","C127"
"castell'arquato","C145"
"castell'azzara","C147"
"castell'umberto","C051"
"castellabate","C125"
"castellafiume","C126"
"castellalto","C128"
"castellammare del golfo","C130"
"castellammare di stabia","C129"
"castellamonte","C133"
"castellana grotte","C134"
"castellana sicula","C135"
"castellaneta","C136"
"castellania coppi","C137"
"castellanza","C139"
"castellar guidobono","C142"
"castellarano","C141"
"castellaro","C143"
"castellazzo bormida","C148"
"castellazzo novarese","C149"
"castelleone","C153"
"castelleone di suasa","C152"
"castellero","C154"
"castelletto cervo","C155"
"castelletto merli","C160"
"castelletto molina","C161"
"castelletto monferrato","C162"
"castelletto stura","C165"
"castelletto uzzone","C167"
"castelletto d'erro","C156"
"castelletto d'orba","C158"
"castelletto di branduzzo","C157"
"castelletto sopra ticino","C166"
"castelli","C169"
"castelli calepio","C079"
"castellina marittima","C174"
"castellina in chianti","C172"
"castellinaldo d'alba","C173"
"castellino tanaro","C176"
"castellino del biferno","C175"
"castelliri","C177"
"castello cabiaglio","B312"
"castello tesino","C194"
"castello d'agogna","C184"
"castello d'argile","C185"
"castello del matese","C178"
"castello dell'acqua","C186"
"castello di annone","A300"
"castello di brianza","C187"
"castello di cisterna","C188"
"castello di godego","C190"
"castello-molina di fiemme","C189"
"castellucchio","C195"
"castelluccio inferiore","C199"
"castelluccio superiore","C201"
"castelluccio valmaggiore","C202"
"castelluccio dei sauri","C198"
"castelmagno","C205"
"castelmarte","C206"
"castelmassa","C207"
"castelmauro","C197"
"castelmezzano","C209"
"castelmola","C210"
"castelnovetto","C213"
"castelnovo bariano","C215"
"castelnovo del friuli","C217"
"castelnovo di sotto","C218"
"castelnovo ne' monti","C219"
"castelnuovo","C216"
"castelnuovo belbo","C226"
"castelnuovo berardenga","C227"
"castelnuovo bocca d'adda","C228"
"castelnuovo bormida","C229"
"castelnuovo bozzente","C220"
"castelnuovo calcea","C230"
"castelnuovo cilento","C231"
"castelnuovo don bosco","C232"
"castelnuovo magra","C240"
"castelnuovo nigra","C241"
"castelnuovo parano","C223"
"castelnuovo rangone","C242"
"castelnuovo scrivia","C243"
"castelnuovo del garda","C225"
"castelnuovo della daunia","C222"
"castelnuovo di ceva","C214"
"castelnuovo di conza","C235"
"castelnuovo di farfa","C224"
"castelnuovo di garfagnana","C236"
"castelnuovo di porto","C237"
"castelnuovo di val di cecina","C244"
"castelpagano","C245"
"castelpetroso","C246"
"castelpizzuto","C247"
"castelplanio","C248"
"castelpoto","C250"
"castelraimondo","C251"
"castelrotto","C254"
"castelsantangelo sul nera","C267"
"castelsaraceno","C271"
"castelsardo","C272"
"castelseprio","C273"
"castelsilano","B968"
"castelspina","C274"
"casteltermini","C275"
"castelveccana","C181"
"castelvecchio calvisio","C278"
"castelvecchio subequo","C279"
"castelvecchio di rocca barbena","C276"
"castelvenere","C280"
"castelverde","B129"
"castelverrino","C200"
"castelvetere in val fortore","C284"
"castelvetere sul calore","C283"
"castelvetrano","C286"
"castelvetro piacentino","C288"
"castelvetro di modena","C287"
"castelvisconti","C290"
"castenaso","C292"
"castenedolo","C293"
"castiadas","M288"
"castiglion fibocchi","C318"
"castiglion fiorentino","C319"
"castiglione chiavarese","C302"
"castiglione cosentino","C301"
"castiglione falletto","C314"
"castiglione messer marino","C298"
"castiglione messer raimondo","C316"
"castiglione olona","C300"
"castiglione tinella","C317"
"castiglione torinese","C307"
"castiglione a casauria","C308"
"castiglione d'adda","C304"
"castiglione d'orcia","C313"
"castiglione dei pepoli","C296"
"castiglione del genovesi","C306"
"castiglione del lago","C309"
"castiglione della pescaia","C310"
"castiglione delle stiviere","C312"
"castiglione di garfagnana","C303"
"castiglione di sicilia","C297"
"castiglione in teverina","C315"
"castignano","C321"
"castilenti","C322"
"castino","C323"
"castione andevenno","C325"
"castione della presolana","C324"
"castions di strada","C327"
"castiraga vidardo","C329"
"casto","C330"
"castorano","C331"
"castrezzato","C332"
"castri di lecce","C334"
"castrignano de' greci","C335"
"castrignano del capo","C336"
"castro","C337"
"castro","M261"
"castro dei volsci","C338"
"castrocaro terme e terra del sole","C339"
"castrocielo","C340"
"castrofilippo","C341"
"castrolibero","C108"
"castronno","C343"
"castronovo di sicilia","C344"
"castronuovo di sant'andrea","C345"
"castropignano","C346"
"castroreale","C347"
"castroregio","C348"
"castrovillari","C349"
"catania","C351"
"catanzaro","C352"
"catenanuova","C353"
"catignano","C354"
"cattolica","C357"
"cattolica eraclea","C356"
"caulonia","C285"
"cautano","C359"
"cava manara","C360"
"cava de' tirreni","C361"
"cavaglietto","C364"
"cavaglio d'agogna","C365"
"cavaglià","C363"
"cavagnolo","C369"
"cavaion veronese","C370"
"cavalese","C372"
"cavallerleone","C375"
"cavallermaggiore","C376"
"cavallino","C377"
"cavallino-treporti","M308"
"cavallirio","C378"
"cavareno","C380"
"cavargna","C381"
"cavaria con premezzo","C382"
"cavarzere","C383"
"cavaso del tomba","C384"
"cavasso nuovo","C385"
"cavatore","C387"
"cavazzo carnico","C389"
"cave","C390"
"cavedago","C392"
"cavedine","C393"
"cavenago d'adda","C394"
"cavenago di brianza","C395"
"cavernago","C396"
"cavezzo","C398"
"cavizzana","C400"
"cavour","C404"
"cavriago","C405"
"cavriana","C406"
"cavriglia","C407"
"cazzago brabbia","C409"
"cazzago san martino","C408"
"cazzano sant'andrea","C410"
"cazzano di tramigna","C412"
"ceccano","C413"
"cecima","C414"
"cecina","C415"
"cedegolo","C417"
"cedrasco","C418"
"cefalà diana","C420"
"cefalù","C421"
"ceggia","C422"
"ceglie messapica","C424"
"celano","C426"
"celenza valfortore","C429"
"celenza sul trigno","C428"
"celico","C430"
"cella dati","C435"
"cella monte","C432"
"cellamare","C436"
"cellara","C437"
"cellarengo","C438"
"cellatica","C439"
"celle enomondo","C440"
"celle ligure","C443"
"celle di bulgheria","C444"
"celle di macra","C441"
"celle di san vito","C442"
"celleno","C446"
"cellere","C447"
"cellino attanasio","C449"
"cellino san marco","C448"
"cellio con breia","M398"
"cellole","M262"
"cembra lisignago","M355"
"cenadi","C453"
"cenate sopra","C456"
"cenate sotto","C457"
"cencenighe agordino","C458"
"cene","C459"
"ceneselli","C461"
"cengio","C463"
"centallo","C466"
"cento","C469"
"centola","C470"
"centrache","C472"
"centro valle intelvi","M394"
"centuripe","C471"
"cepagatti","C474"
"ceppaloni","C476"
"ceppo morelli","C478"
"ceprano","C479"
"cerami","C480"
"ceranesi","C481"
"cerano","C483"
"cerano d'intelvi","C482"
"ceranova","C484"
"ceraso","C485"
"cercemaggiore","C486"
"cercenasco","C487"
"cercepiccola","C488"
"cerchiara di calabria","C489"
"cerchio","C492"
"cercino","C493"
"cercivento","C494"
"cercola","C495"
"cerda","C496"
"cerea","C498"
"ceregnano","C500"
"cerenzia","C501"
"ceres","C497"
"ceresara","C502"
"cereseto","C503"
"ceresole alba","C504"
"ceresole reale","C505"
"cerete","C506"
"ceretto lomellina","C508"
"cergnago","C509"
"ceriale","C510"
"ceriana","C511"
"ceriano laghetto","C512"
"cerignale","C513"
"cerignola","C514"
"cerisano","C515"
"cermenate","C516"
"cermes","A022"
"cermignano","C517"
"cernobbio","C520"
"cernusco lombardone","C521"
"cernusco sul naviglio","C523"
"cerreto grue","C507"
"cerreto guidi","C529"
"cerreto laziale","C518"
"cerreto sannita","C525"
"cerreto d'asti","C528"
"cerreto d'esi","C524"
"cerreto di spoleto","C527"
"cerretto langhe","C530"
"cerrina monferrato","C531"
"cerrione","C532"
"cerro maggiore","C537"
"cerro tanaro","C533"
"cerro veronese","C538"
"cerro al lambro","C536"
"cerro al volturno","C534"
"cersosimo","C539"
"certaldo","C540"
"certosa di pavia","C541"
"cerva","C542"
"cervara di roma","C543"
"cervarese santa croce","C544"
"cervaro","C545"
"cervasca","C547"
"cervatto","C548"
"cerveno","C549"
"cervere","C550"
"cervesina","C551"
"cerveteri","C552"
"cervia","C553"
"cervicati","C554"
"cervignano d'adda","C555"
"cervignano del friuli","C556"
"cervinara","C557"
"cervino","C558"
"cervo","C559"
"cerzeto","C560"
"cesa","C561"
"cesana brianza","C563"
"cesana torinese","C564"
"cesano boscone","C565"
"cesano maderno","C566"
"cesara","C567"
"cesarò","C568"
"cesate","C569"
"cesena","C573"
"cesenatico","C574"
"cesinali","C576"
"cesio","C578"
"cesiomaggiore","C577"
"cessalto","C580"
"cessaniti","C581"
"cessapalombo","C582"
"cessole","C583"
"cetara","C584"
"ceto","C585"
"cetona","C587"
"cetraro","C588"
"ceva","C589"
"cevo","C591"
"challand-saint-anselme","C593"
"challand-saint-victor","C594"
"chambave","C595"
"chamois","B491"
"champdepraz","C596"
"champorcher","B540"
"charvensod","C598"
"cherasco","C599"
"cheremule","C600"
"chialamberto","C604"
"chiampo","C605"
"chianche","C606"
"chianciano terme","C608"
"chianni","C609"
"chianocco","C610"
"chiaramonte gulfi","C612"
"chiaramonti","C613"
"chiarano","C614"
"chiaravalle","C615"
"chiaravalle centrale","C616"
"chiari","C618"
"chiaromonte","C619"
"chiauci","C620"
"chiavari","C621"
"chiavenna","C623"
"chiaverano","C624"
"chienes","C625"
"chieri","C627"
"chies d'alpago","C630"
"chiesa in valmalenco","C628"
"chiesanuova","C629"
"chiesina uzzanese","C631"
"chieti","C632"
"chieuti","C633"
"chieve","C634"
"chignolo po","C637"
"chignolo d'isola","C635"
"chioggia","C638"
"chiomonte","C639"
"chions","C640"
"chiopris-viscone","C641"
"chitignano","C648"
"chiuduno","C649"
"chiuppano","C650"
"chiuro","C651"
"chiusa","C652"
"chiusa sclafani","C654"
"chiusa di pesio","C653"
"chiusa di san michele","C655"
"chiusaforte","C656"
"chiusanico","C657"
"chiusano d'asti","C658"
"chiusano di san domenico","C659"
"chiusavecchia","C660"
"chiusdino","C661"
"chiusi","C662"
"chiusi della verna","C663"
"chivasso","C665"
"châtillon","C294"
"ciampino","M272"
"cianciana","C668"
"cibiana di cadore","C672"
"cicagna","C673"
"cicala","C674"
"cicciano","C675"
"cicerale","C676"
"ciciliano","C677"
"cicognolo","C678"
"ciconio","C679"
"cigliano","C680"
"cigliè","C681"
"cigognola","C684"
"cigole","C685"
"cilavegna","C686"
"cimadolmo","C689"
"cimbergo","C691"
"ciminna","C696"
"ciminà","C695"
"cimitile","C697"
"cimolais","C699"
"cimone","C700"
"cinaglio","C701"
"cineto romano","C702"
"cingia de' botti","C703"
"cingoli","C704"
"cinigiano","C705"
"cinisello balsamo","C707"
"cinisi","C708"
"cino","C709"
"cinquefrondi","C710"
"cintano","C711"
"cinte tesino","C712"
"cinto caomaggiore","C714"
"cinto euganeo","C713"
"cinzano","C715"
"ciorlano","C716"
"cipressa","C718"
"circello","C719"
"cirigliano","C723"
"cirimido","C724"
"ciriè","C722"
"cirò","C725"
"cirò marina","C726"
"cis","C727"
"cisano bergamasco","C728"
"cisano sul neva","C729"
"ciserano","C730"
"cislago","C732"
"cisliano","C733"
"cison di valmarino","C735"
"cissone","C738"
"cisterna d'asti","C739"
"cisterna di latina","C740"
"cisternino","C741"
"citerna","C742"
"cittadella","C743"
"cittaducale","C746"
"cittanova","C747"
"cittareale","C749"
"cittiglio","C751"
"città sant'angelo","C750"
"città della pieve","C744"
"città di castello","C745"
"civate","C752"
"civezza","C755"
"civezzano","C756"
"civiasco","C757"
"cividale del friuli","C758"
"cividate camuno","C760"
"cividate al piano","C759"
"civita","C763"
"civita castellana","C765"
"civita d'antino","C766"
"civitacampomarano","C764"
"civitaluparella","C768"
"civitanova marche","C770"
"civitanova del sannio","C769"
"civitaquana","C771"
"civitavecchia","C773"
"civitella alfedena","C778"
"civitella casanova","C779"
"civitella messer raimondo","C776"
"civitella paganico","C782"
"civitella roveto","C783"
"civitella san paolo","C784"
"civitella d'agliano","C780"
"civitella del tronto","C781"
"civitella di romagna","C777"
"civitella in val di chiana","C774"
"civo","C785"
"claino con osteno","C787"
"claut","C790"
"clauzetto","C791"
"clavesana","C792"
"claviere","C793"
"cles","C794"
"cleto","C795"
"clivio","C796"
"clusone","C800"
"coassolo torinese","C801"
"coazze","C803"
"coazzolo","C804"
"coccaglio","C806"
"cocconato","C807"
"cocquio-trevisago","C810"
"cocullo","C811"
"codevigo","C812"
"codevilla","C813"
"codigoro","C814"
"codogno","C816"
"codognè","C815"
"codroipo","C817"
"codrongianos","C818"
"coggiola","C819"
"cogliate","C820"
"cogne","C821"
"cogoleto","C823"
"cogollo del cengio","C824"
"cogorno","C826"
"colazza","C829"
"colceresa","M426"
"colere","C835"
"colfelice","C836"
"coli","C838"
"colico","C839"
"collalto sabino","C841"
"collarmele","C844"
"collazzone","C845"
"colle brianza","C851"
"colle san magno","C870"
"colle sannita","C846"
"colle santa lucia","C872"
"colle umberto","C848"
"colle d'anchise","C854"
"colle di tora","C857"
"colle di val d'elsa","C847"
"collebeato","C850"
"collecchio","C852"
"collecorvino","C853"
"colledara","C311"
"colledimacine","C855"
"colledimezzo","C856"
"colleferro","C858"
"collegiove","C859"
"collegno","C860"
"collelongo","C862"
"collepardo","C864"
"collepasso","C865"
"collepietro","C866"
"colleretto castelnuovo","C867"
"colleretto giacosa","C868"
"collesalvetti","C869"
"collesano","C871"
"colletorto","C875"
"collevecchio","C876"
"colli verdi","M419"
"colli a volturno","C878"
"colli al metauro","M380"
"colli del tronto","C877"
"colli sul velino","C880"
"colliano","C879"
"collinas","C882"
"collio","C883"
"collobiano","C884"
"colloredo di monte albano","C885"
"colmurano","C886"
"colobraro","C888"
"cologna veneta","C890"
"cologne","C893"
"cologno monzese","C895"
"cologno al serio","C894"
"colognola ai colli","C897"
"colonna","C900"
"colonnella","C901"
"colonno","C902"
"colorina","C903"
"colorno","C904"
"colosimi","C905"
"colturano","C908"
"colverde","M336"
"colzate","C910"
"comabbio","C911"
"comacchio","C912"
"comano","C914"
"comano terme","M314"
"comazzo","C917"
"comeglians","C918"
"comelico superiore","C920"
"comerio","C922"
"comezzano-cizzago","C925"
"comignago","C926"
"comiso","C927"
"comitini","C928"
"comiziano","C929"
"commessaggio","C930"
"commezzadura","C931"
"como","C933"
"compiano","C934"
"comun nuovo","C937"
"comunanza","C935"
"cona","C938"
"conca casale","C941"
"conca dei marini","C940"
"conca della campania","C939"
"concamarise","C943"
"concerviano","C946"
"concesio","C948"
"concordia sagittaria","C950"
"concordia sulla secchia","C951"
"concorezzo","C952"
"condofuri","C954"
"condove","C955"
"condrò","C956"
"conegliano","C957"
"confienza","C958"
"configni","C959"
"conflenti","C960"
"coniolo","C962"
"conselice","C963"
"conselve","C964"
"contessa entellina","C968"
"contigliano","C969"
"contrada","C971"
"controguerra","C972"
"controne","C973"
"contursi terme","C974"
"contà","M356"
"conversano","C975"
"conza della campania","C976"
"conzano","C977"
"copertino","C978"
"copiano","C979"
"copparo","C980"
"corana","C982"
"corato","C983"
"corbara","C984"
"corbetta","C986"
"corbola","C987"
"corchiano","C988"
"corciano","C990"
"cordenons","C991"
"cordignano","C992"
"cordovado","C993"
"coreglia antelminelli","C996"
"coreglia ligure","C995"
"coreno ausonio","C998"
"corfinio","C999"
"cori","D003"
"coriano","D004"
"corigliano d'otranto","D006"
"corigliano-rossano","M403"
"corinaldo","D007"
"corio","D008"
"corleone","D009"
"corleto monforte","D011"
"corleto perticara","D010"
"cormano","D013"
"cormons","D014"
"corna imagna","D015"
"cornalba","D016"
"cornale e bastida","M338"
"cornaredo","D018"
"cornate d'adda","D019"
"cornedo vicentino","D020"
"cornedo all'isarco","B799"
"cornegliano laudense","D021"
"corneliano d'alba","D022"
"corniglio","D026"
"corno giovine","D028"
"corno di rosazzo","D027"
"cornovecchio","D029"
"cornuda","D030"
"correggio","D037"
"correzzana","D038"
"correzzola","D040"
"corrido","D041"
"corridonia","D042"
"corropoli","D043"
"corsano","D044"
"corsico","D045"
"corsione","D046"
"cortaccia sulla strada del vino","D048"
"cortale","D049"
"cortandone","D050"
"cortanze","D051"
"cortazzone","D052"
"corte brugnatella","D054"
"corte franca","D058"
"corte palasio","D068"
"corte de' cortesi con cignone","D056"
"corte de' frati","D057"
"cortemaggiore","D061"
"cortemilia","D062"
"corteno golgi","D064"
"cortenova","D065"
"cortenuova","D066"
"corteolona e genzone","M372"
"cortiglione","D072"
"cortina d'ampezzo","A266"
"cortina sulla strada del vino","D075"
"cortino","D076"
"cortona","D077"
"corvara","D078"
"corvara in badia","D079"
"corvino san quirico","D081"
"corzano","D082"
"coseano","D085"
"cosenza","D086"
"cosio valtellino","D088"
"cosio d'arroscia","D087"
"cosoleto","D089"
"cossano belbo","D093"
"cossano canavese","D092"
"cossato","D094"
"cosseria","D095"
"cossignano","D096"
"cossogno","D099"
"cossoine","D100"
"cossombrato","D101"
"costa masnaga","D112"
"costa serina","D111"
"costa valle imagna","D103"
"costa vescovato","D102"
"costa volpino","D117"
"costa de' nobili","D109"
"costa di mezzate","D110"
"costa di rovigo","D105"
"costabissara","D107"
"costacciaro","D108"
"costanzana","D113"
"costarainera","D114"
"costermano sul garda","D118"
"costigliole saluzzo","D120"
"costigliole d'asti","D119"
"cotignola","D121"
"cotronei","D123"
"cottanello","D124"
"courmayeur","D012"
"covo","D126"
"cozzo","D127"
"craco","D128"
"crandola valsassina","D131"
"cravagliana","D132"
"cravanzana","D133"
"craveggia","D134"
"creazzo","D136"
"crecchio","D137"
"credaro","D139"
"credera rubbiano","D141"
"crema","D142"
"cremella","D143"
"cremenaga","D144"
"cremeno","D145"
"cremia","D147"
"cremolino","D149"
"cremona","D150"
"cremosano","D151"
"crescentino","D154"
"crespadoro","D156"
"crespiatica","D159"
"crespina lorenzana","M328"
"crespino","D161"
"cressa","D162"
"crevacuore","D165"
"crevalcore","D166"
"crevoladossola","D168"
"crispano","D170"
"crispiano","D171"
"crissolo","D172"
"crocefieschi","D175"
"crocetta del montello","C670"
"crodo","D177"
"crognaleto","D179"
"cropalati","D180"
"cropani","D181"
"crosia","D184"
"crosio della valle","D185"
"crotone","D122"
"crotta d'adda","D186"
"crova","D187"
"croviana","D188"
"crucoli","D189"
"cuasso al monte","D192"
"cuccaro vetere","D195"
"cucciago","D196"
"cuceglio","D197"
"cuggiono","D198"
"cugliate-fabiasco","D199"
"cuglieri","D200"
"cugnoli","D201"
"cumiana","D202"
"cumignano sul naviglio","D203"
"cunardo","D204"
"cuneo","D205"
"cunico","D207"
"cuorgnè","D208"
"cupello","D209"
"cupra marittima","D210"
"cupramontana","D211"
"cura carpignano","B824"
"curcuris","D214"
"cureggio","D216"
"curiglia con monteviasco","D217"
"curinga","D218"
"curino","D219"
"curno","D221"
"curon venosta","D222"
"cursi","D223"
"curtarolo","D226"
"curtatone","D227"
"curti","D228"
"cusago","D229"
"cusano milanino","D231"
"cusano mutri","D230"
"cusino","D232"
"cusio","D233"
"custonaci","D234"
"cutro","D236"
"cutrofiano","D237"
"cuveglio","D238"
"cuvio","D239"
"dairago","D244"
"dalmine","D245"
"dambel","D246"
"danta di cadore","D247"
"darfo boario terme","D251"
"dasà","D253"
"davagna","D255"
"daverio","D256"
"davoli","D257"
"dazio","D258"
"decimomannu","D259"
"decimoputzu","D260"
"decollatura","D261"
"dego","D264"
"deiva marina","D265"
"delebio","D266"
"delia","D267"
"delianuova","D268"
"deliceto","D269"
"dello","D270"
"demonte","D271"
"denice","D272"
"denno","D273"
"dernice","D277"
"derovere","D278"
"deruta","D279"
"dervio","D280"
"desana","D281"
"desenzano del garda","D284"
"desio","D286"
"desulo","D287"
"diamante","D289"
"diano arentino","D293"
"diano castello","D296"
"diano marina","D297"
"diano san pietro","D298"
"diano d'alba","D291"
"dicomano","D299"
"dignano","D300"
"dimaro folgarida","M366"
"dinami","D303"
"dipignano","D304"
"diso","D305"
"divignano","D309"
"dizzasco","D310"
"dobbiaco","D311"
"doberdò del lago","D312"
"dogliani","D314"
"dogliola","D315"
"dogna","D316"
"dolceacqua","D318"
"dolcedo","D319"
"dolcè","D317"
"dolegna del collio","D321"
"dolianova","D323"
"dolo","D325"
"dolzago","D327"
"domanico","D328"
"domaso","D329"
"domegge di cadore","D330"
"domicella","D331"
"domodossola","D332"
"domus de maria","D333"
"domusnovas","D334"
"donato","D339"
"dongo","D341"
"donnas","D338"
"donori","D344"
"dorgali","D345"
"dorio","D346"
"dormelletto","D347"
"dorno","D348"
"dorzano","D350"
"dosolo","D351"
"dossena","D352"
"dosso del liro","D355"
"doues","D356"
"dovadola","D357"
"dovera","D358"
"dozza","D360"
"dragoni","D361"
"drapia","D364"
"drena","D365"
"drenchia","D366"
"dresano","D367"
"dro","D371"
"dronero","D372"
"druento","D373"
"druogno","D374"
"dualchi","D376"
"dubino","D377"
"due carrare","M300"
"dueville","D379"
"dugenta","D380"
"duino aurisina","D383"
"dumenza","D384"
"duno","D385"
"durazzano","D386"
"duronia","C772"
"dusino san michele","D388"
"eboli","D390"
"edolo","D391"
"egna","D392"
"elice","D394"
"elini","D395"
"ello","D398"
"elmas","D399"
"elva","D401"
"emarèse","D402"
"empoli","D403"
"endine gaiano","D406"
"enego","D407"
"enemonzo","D408"
"enna","C342"
"entracque","D410"
"entratico","D411"
"envie","D412"
"episcopia","D414"
"eraclea","D415"
"erba","D416"
"erbezzo","D420"
"erbusco","D421"
"erbè","D419"
"erchie","D422"
"ercolano","H243"
"erice","D423"
"erli","D424"
"erto e casso","D426"
"erula","M292"
"erve","D428"
"esanatoglia","D429"
"escalaplano","D430"
"escolca","D431"
"esine","D434"
"esino lario","D436"
"esperia","D440"
"esporlatu","D441"
"este","D442"
"esterzili","D443"
"etroubles","D444"
"eupilio","D445"
"exilles","D433"
"fabbrica curone","D447"
"fabbriche di vergemoli","M319"
"fabbrico","D450"
"fabriano","D451"
"fabrica di roma","D452"
"fabrizia","D453"
"fabro","D454"
"faedis","D455"
"faedo valtellino","D456"
"faenza","D458"
"faeto","D459"
"fagagna","D461"
"faggeto lario","D462"
"faggiano","D463"
"fagnano alto","D465"
"fagnano castello","D464"
"fagnano olona","D467"
"fai della paganella","D468"
"faicchio","D469"
"falcade","D470"
"falciano del massico","D471"
"falconara albanese","D473"
"falconara marittima","D472"
"falcone","D474"
"faleria","D475"
"falerna","D476"
"falerone","D477"
"fallo","D480"
"faloppio","D482"
"falvaterra","D483"
"falzes","D484"
"fanano","D486"
"fanna","D487"
"fano","D488"
"fano adriano","D489"
"fara filiorum petri","D494"
"fara gera d'adda","D490"
"fara novarese","D492"
"fara olivana con sola","D491"
"fara san martino","D495"
"fara vicentino","D496"
"fara in sabina","D493"
"fardella","D497"
"farigliano","D499"
"farindola","D501"
"farini","D502"
"farnese","D503"
"farra d'isonzo","D504"
"farra di soligo","D505"
"fasano","D508"
"fascia","D509"
"fauglia","D510"
"faule","D511"
"favale di malvaro","D512"
"favara","D514"
"favignana","D518"
"favria","D520"
"feisoglio","D523"
"feletto","D524"
"felino","D526"
"felitto","D527"
"felizzano","D528"
"feltre","D530"
"fenegrò","D531"
"fenestrelle","D532"
"ferentillo","D538"
"ferentino","D539"
"ferla","D540"
"fermignano","D541"
"fermo","D542"
"ferno","D543"
"feroleto antico","D544"
"feroleto della chiesa","D545"
"ferrandina","D547"
"ferrara","D548"
"ferrara di monte baldo","D549"
"ferrazzano","D550"
"ferrera erbognone","D552"
"ferrera di varese","D551"
"ferrere","D554"
"ferriere","D555"
"ferruzzano","D557"
"fiamignano","D560"
"fiano","D562"
"fiano romano","D561"
"fiastra","D564"
"fiavè","D565"
"ficarazzi","D567"
"ficarolo","D568"
"ficarra","D569"
"ficulle","D570"
"fidenza","B034"
"fierozzo","D573"
"fiesco","D574"
"fiesole","D575"
"fiesse","D576"
"fiesso umbertiano","D577"
"fiesso d'artico","D578"
"figino serenza","D579"
"figline vegliaturo","D582"
"figline e incisa valdarno","M321"
"filacciano","D586"
"filadelfia","D587"
"filago","D588"
"filandari","D589"
"filattiera","D590"
"filettino","D591"
"filetto","D592"
"filiano","D593"
"filighera","D594"
"filignano","D595"
"filogaso","D596"
"filottrano","D597"
"finale emilia","D599"
"finale ligure","D600"
"fino mornasco","D605"
"fino del monte","D604"
"fiorano canavese","D608"
"fiorano modenese","D607"
"fiorano al serio","D606"
"fiorenzuola d'arda","D611"
"firenze","D612"
"firenzuola","D613"
"firmo","D614"
"fiscaglia","M323"
"fisciano","D615"
"fiuggi","A310"
"fiumalbo","D617"
"fiumara","D619"
"fiume veneto","D621"
"fiumedinisi","D622"
"fiumefreddo bruzio","D624"
"fiumefreddo di sicilia","D623"
"fiumicello villa vicentina","M400"
"fiumicino","M297"
"fiuminata","D628"
"fivizzano","D629"
"fiè allo sciliar","D571"
"flaibano","D630"
"flero","D634"
"floresta","D635"
"floridia","D636"
"florinas","D637"
"flumeri","D638"
"fluminimaggiore","D639"
"flussio","D640"
"fobello","D641"
"foggia","D643"
"foglianise","D644"
"fogliano redipuglia","D645"
"foglizzo","D646"
"foiano della chiana","D649"
"foiano di val fortore","D650"
"folgaria","D651"
"folignano","D652"
"foligno","D653"
"follina","D654"
"follo","D655"
"follonica","D656"
"fombio","D660"
"fondachelli-fantina","D661"
"fondi","D662"
"fonni","D665"
"fontainemore","D666"
"fontana liri","D667"
"fontanafredda","D670"
"fontanarosa","D671"
"fontanelice","D668"
"fontanella","D672"
"fontanellato","D673"
"fontanelle","D674"
"fontaneto d'agogna","D675"
"fontanetto po","D676"
"fontanigorda","D677"
"fontanile","D678"
"fontaniva","D679"
"fonte","D680"
"fonte nuova","M309"
"fontecchio","D681"
"fontechiari","D682"
"fontegreca","D683"
"fonteno","D684"
"fontevivo","D685"
"fonzaso","D686"
"foppolo","D688"
"forano","D689"
"force","D691"
"forchia","D693"
"forcola","D694"
"fordongianus","D695"
"forenza","D696"
"foresto sparso","D697"
"forgaria nel friuli","D700"
"forino","D701"
"forio","D702"
"forlimpopoli","D705"
"forlì","D704"
"forlì del sannio","D703"
"formazza","D706"
"formello","D707"
"formia","D708"
"formicola","D709"
"formigara","D710"
"formigine","D711"
"formigliana","D712"
"fornace","D714"
"fornelli","D715"
"forni avoltri","D718"
"forni di sopra","D719"
"forni di sotto","D720"
"forno canavese","D725"
"fornovo san giovanni","D727"
"fornovo di taro","D728"
"forte dei marmi","D730"
"fortezza","D731"
"fortunago","D732"
"forza d'agrò","D733"
"fosciandora","D734"
"fosdinovo","D735"
"fossa","D736"
"fossacesia","D738"
"fossalta di piave","D740"
"fossalta di portogruaro","D741"
"fossalto","D737"
"fossano","D742"
"fossato serralta","D744"
"fossato di vico","D745"
"fossombrone","D749"
"fossò","D748"
"foza","D750"
"frabosa soprana","D751"
"frabosa sottana","D752"
"fraconalto","D559"
"fragagnano","D754"
"fragneto monforte","D756"
"fragneto l'abate","D755"
"fraine","D757"
"framura","D758"
"francavilla angitola","D762"
"francavilla bisio","D759"
"francavilla fontana","D761"
"francavilla marittima","D764"
"francavilla al mare","D763"
"francavilla d'ete","D760"
"francavilla di sicilia","D765"
"francavilla in sinni","D766"
"francica","D767"
"francofonte","D768"
"francolise","D769"
"frascaro","D770"
"frascarolo","D771"
"frascati","D773"
"frascineto","D774"
"frassilongo","D775"
"frassinelle polesine","D776"
"frassinello monferrato","D777"
"frassineto po","D780"
"frassinetto","D781"
"frassino","D782"
"frassinoro","D783"
"frasso sabino","D785"
"frasso telesino","D784"
"fratta polesine","D788"
"fratta todina","D787"
"frattamaggiore","D789"
"frattaminore","D790"
"fratte rosa","D791"
"frazzanò","D793"
"fregona","D794"
"fresagrandinaria","D796"
"fresonara","D797"
"frigento","D798"
"frignano","D799"
"frinco","D802"
"frisa","D803"
"frisanco","D804"
"front","D805"
"frontino","D807"
"frontone","D808"
"frosinone","D810"
"frosolone","D811"
"frossasco","D812"
"frugarolo","D813"
"fubine monferrato","D814"
"fucecchio","D815"
"fuipiano valle imagna","D817"
"fumane","D818"
"fumone","D819"
"funes","D821"
"furci","D823"
"furci siculo","D824"
"furnari","D825"
"furore","D826"
"furtei","D827"
"fuscaldo","D828"
"fusignano","D829"
"fusine","D830"
"futani","D832"
"fénis","D537"
"gabbioneta-binanuova","D834"
"gabiano","D835"
"gabicce mare","D836"
"gaby","D839"
"gadesco-pieve delmona","D841"
"gadoni","D842"
"gaeta","D843"
"gaggi","D844"
"gaggiano","D845"
"gaggio montano","D847"
"gaglianico","D848"
"gagliano aterno","D850"
"gagliano castelferrato","D849"
"gagliano del capo","D851"
"gagliato","D852"
"gagliole","D853"
"gaiarine","D854"
"gaiba","D855"
"gaiola","D856"
"gaiole in chianti","D858"
"gairo","D859"
"gais","D860"
"galati mamertino","D861"
"galatina","D862"
"galatone","D863"
"galatro","D864"
"galbiate","D865"
"galeata","D867"
"galgagnano","D868"
"gallarate","D869"
"gallese","D870"
"galliate","D872"
"galliate lombardo","D871"
"galliavola","D873"
"gallicano","D874"
"gallicano nel lazio","D875"
"gallicchio","D876"
"galliera","D878"
"galliera veneta","D879"
"gallinaro","D881"
"gallio","D882"
"gallipoli","D883"
"gallo matese","D884"
"gallodoro","D885"
"galluccio","D886"
"galtellì","D888"
"galzignano terme","D889"
"gamalero","D890"
"gambara","D891"
"gambarana","D892"
"gambasca","D894"
"gambassi terme","D895"
"gambatesa","D896"
"gambellara","D897"
"gamberale","D898"
"gambettola","D899"
"gambolò","D901"
"gandellino","D903"
"gandino","D905"
"gandosso","D906"
"gangi","D907"
"garaguso","D909"
"garbagna","D910"
"garbagna novarese","D911"
"garbagnate milanese","D912"
"garbagnate monastero","D913"
"garda","D915"
"gardone riviera","D917"
"gardone val trompia","D918"
"garessio","D920"
"gargallo","D921"
"gargazzone","D923"
"gargnano","D924"
"garlasco","D925"
"garlate","D926"
"garlenda","D927"
"garniga terme","D928"
"garzeno","D930"
"garzigliana","D931"
"gasperina","D932"
"gassino torinese","D933"
"gattatico","D934"
"gatteo","D935"
"gattico-veruno","M416"
"gattinara","D938"
"gavardo","D940"
"gavello","D942"
"gaverina terme","D943"
"gavi","D944"
"gavignano","D945"
"gavirate","D946"
"gavoi","D947"
"gavorrano","D948"
"gazoldo degli ippoliti","D949"
"gazzada schianno","D951"
"gazzaniga","D952"
"gazzo","D956"
"gazzo veronese","D957"
"gazzola","D958"
"gazzuolo","D959"
"gela","D960"
"gemmano","D961"
"gemona del friuli","D962"
"gemonio","D963"
"genazzano","D964"
"genga","D965"
"genivolta","D966"
"genola","D967"
"genoni","D968"
"genova","D969"
"genuri","D970"
"genzano di lucania","D971"
"genzano di roma","D972"
"gera lario","D974"
"gerace","D975"
"geraci siculo","D977"
"gerano","D978"
"gerenzago","D980"
"gerenzano","D981"
"gergei","D982"
"germagnano","D983"
"germagno","D984"
"germignaga","D987"
"gerocarne","D988"
"gerola alta","D990"
"gerre de' caprioli","D993"
"gesico","D994"
"gessate","D995"
"gessopalena","D996"
"gesturi","D997"
"gesualdo","D998"
"ghedi","D999"
"ghemme","E001"
"ghiffa","E003"
"ghilarza","E004"
"ghisalba","E006"
"ghislarengo","E007"
"giacciano con baruchella","E008"
"giaglione","E009"
"gianico","E010"
"giano vetusto","E011"
"giano dell'umbria","E012"
"giardinello","E013"
"giardini-naxos","E014"
"giarole","E015"
"giarratana","E016"
"giarre","E017"
"giave","E019"
"giaveno","E020"
"giavera del montello","E021"
"giba","E022"
"gibellina","E023"
"gifflenga","E024"
"giffone","E025"
"giffoni sei casali","E026"
"giffoni valle piana","E027"
"gignese","E028"
"gignod","E029"
"gildone","E030"
"gimigliano","E031"
"ginestra","E033"
"ginestra degli schiavoni","E034"
"ginosa","E036"
"gioi","E037"
"gioia sannitica","E039"
"gioia tauro","E041"
"gioia dei marsi","E040"
"gioia del colle","E038"
"gioiosa ionica","E044"
"gioiosa marea","E043"
"giove","E045"
"giovinazzo","E047"
"giovo","E048"
"girasole","E049"
"girifalco","E050"
"gissi","E052"
"giuggianello","E053"
"giugliano in campania","E054"
"giuliana","E055"
"giuliano teatino","E056"
"giuliano di roma","E057"
"giulianova","E058"
"giungano","E060"
"giurdignano","E061"
"giussago","E062"
"giussano","E063"
"giustenice","E064"
"giustino","E065"
"giusvalla","E066"
"givoletto","E067"
"gizzeria","E068"
"glorenza","E069"
"godega di sant'urbano","E071"
"godiasco salice terme","E072"
"godrano","E074"
"goito","E078"
"golasecca","E079"
"golferenzo","E081"
"golfo aranci","M274"
"gombito","E082"
"gonars","E083"
"goni","E084"
"gonnesa","E086"
"gonnoscodina","E087"
"gonnosfanadiga","E085"
"gonnosnò","D585"
"gonnostramatza","E088"
"gonzaga","E089"
"gordona","E090"
"gorga","E091"
"gorgo al monticano","E092"
"gorgoglione","E093"
"gorgonzola","E094"
"goriano sicoli","E096"
"gorizia","E098"
"gorla maggiore","E101"
"gorla minore","E102"
"gorlago","E100"
"gorle","E103"
"gornate olona","E104"
"gorno","E106"
"goro","E107"
"gorreto","E109"
"gorzegno","E111"
"gosaldo","E113"
"gossolengo","E114"
"gottasecca","E115"
"gottolengo","E116"
"govone","E118"
"gozzano","E120"
"gradara","E122"
"gradisca d'isonzo","E124"
"grado","E125"
"gradoli","E126"
"graffignana","E127"
"graffignano","E128"
"graglia","E130"
"gragnano","E131"
"gragnano trebbiense","E132"
"grammichele","E133"
"grana monferrato","E134"
"granarolo dell'emilia","E136"
"grandate","E139"
"grandola ed uniti","E141"
"graniti","E142"
"granozzo con monticello","E143"
"grantola","E144"
"grantorto","E145"
"granze","E146"
"grassano","E147"
"grassobbio","E148"
"gratteri","E149"
"gravedona ed uniti","M315"
"gravellona lomellina","E152"
"gravellona toce","E153"
"gravere","E154"
"gravina di catania","E156"
"gravina in puglia","E155"
"grazzanise","E158"
"grazzano badoglio","E159"
"greccio","E160"
"greci","E161"
"greggio","E163"
"gremiasco","E164"
"gressan","E165"
"gressoney-la-trinité","E167"
"gressoney-saint-jean","E168"
"greve in chianti","E169"
"grezzago","E170"
"grezzana","E171"
"griante","E172"
"gricignano di aversa","E173"
"grignasco","E177"
"grigno","E178"
"grimacco","E179"
"grimaldi","E180"
"grinzane cavour","E182"
"grisignano di zocco","E184"
"grisolia","E185"
"grizzana morandi","E187"
"grognardo","E188"
"gromo","E189"
"grondona","E191"
"grone","E192"
"grontardo","E193"
"gropello cairoli","E195"
"gropparello","E196"
"groscavallo","E199"
"grosio","E200"
"grosotto","E201"
"grosseto","E202"
"grosso","E203"
"grottaferrata","E204"
"grottaglie","E205"
"grottaminarda","E206"
"grottammare","E207"
"grottazzolina","E208"
"grotte","E209"
"grotte di castro","E210"
"grotteria","E212"
"grottole","E213"
"grottolella","E214"
"gruaro","E215"
"grugliasco","E216"
"grumello cremonese ed uniti","E217"
"grumello del monte","E219"
"grumento nova","E221"
"grumo appula","E223"
"grumo nevano","E224"
"grumolo delle abbadesse","E226"
"guagnano","E227"
"gualdo","E228"
"gualdo cattaneo","E229"
"gualdo tadino","E230"
"gualtieri","E232"
"gualtieri sicaminò","E233"
"guamaggiore","E234"
"guanzate","E235"
"guarcino","E236"
"guarda veneta","E240"
"guardabosone","E237"
"guardamiglio","E238"
"guardavalle","E239"
"guardea","E241"
"guardia lombardi","E245"
"guardia perticara","E246"
"guardia piemontese","E242"
"guardia sanframondi","E249"
"guardiagrele","E243"
"guardialfiera","E244"
"guardiaregia","E248"
"guardistallo","E250"
"guarene","E251"
"guasila","E252"
"guastalla","E253"
"guazzora","E255"
"gubbio","E256"
"gudo visconti","E258"
"guglionesi","E259"
"guidizzolo","E261"
"guidonia montecelio","E263"
"guiglia","E264"
"guilmi","E266"
"gurro","E269"
"guspini","E270"
"gussago","E271"
"gussola","E272"
"hône","E273"
"idro","E280"
"iglesias","E281"
"igliano","E282"
"ilbono","E283"
"illasi","E284"
"illorai","E285"
"imbersago","E287"
"imer","E288"
"imola","E289"
"imperia","E290"
"impruneta","E291"
"inarzo","E292"
"incisa scapaccino","E295"
"incudine","E297"
"induno olona","E299"
"ingria","E301"
"intragna","E304"
"introbio","E305"
"introd","E306"
"introdacqua","E307"
"inverigo","E309"
"inverno e monteleone","E310"
"inverso pinasca","E311"
"inveruno","E313"
"invorio","E314"
"inzago","E317"
"ionadi","E321"
"irgoli","E323"
"irma","E325"
"irsina","E326"
"isasca","E327"
"isca sullo ionio","E328"
"ischia","E329"
"ischia di castro","E330"
"ischitella","E332"
"iseo","E333"
"isera","E334"
"isernia","E335"
"isili","E336"
"isnello","E337"
"isola dovarese","E356"
"isola rizza","E358"
"isola sant'antonio","E360"
"isola vicentina","E354"
"isola d'asti","E338"
"isola del cantone","E341"
"isola del giglio","E348"
"isola del gran sasso d'italia","E343"
"isola del liri","E340"
"isola del piano","E351"
"isola della scala","E349"
"isola delle femmine","E350"
"isola di capo rizzuto","E339"
"isola di fondra","E353"
"isolabella","E345"
"isolabona","E346"
"isole tremiti","E363"
"isorella","E364"
"ispani","E365"
"ispica","E366"
"ispra","E367"
"issiglio","E368"
"issime","E369"
"isso","E370"
"issogne","E371"
"istrana","E373"
"itala","E374"
"itri","E375"
"ittireddu","E376"
"ittiri","E377"
"ivrea","E379"
"izano","E380"
"jacurso","E274"
"jelsi","E381"
"jenne","E382"
"jerago con orago","E386"
"jerzu","E387"
"jesi","E388"
"jesolo","C388"
"jolanda di savoia","E320"
"joppolo","E389"
"joppolo giancaxio","E390"
"jovençan","E391"
"l'aquila","A345"
"la cassa","E394"
"la loggia","E423"
"la maddalena","E425"
"la magdeleine","A308"
"la morra","E430"
"la salle","E458"
"la spezia","E463"
"la thuile","E470"
"la valle","E491"
"la valle agordina","E490"
"la valletta brianza","M348"
"labico","E392"
"labro","E393"
"lacchiarella","E395"
"lacco ameno","E396"
"lacedonia","E397"
"laces","E398"
"laconi","E400"
"ladispoli","M212"
"laerru","E401"
"laganadi","E402"
"laghi","E403"
"laglio","E405"
"lagnasco","E406"
"lago","E407"
"lagonegro","E409"
"lagosanto","E410"
"lagundo","E412"
"laigueglia","E414"
"lainate","E415"
"laino","E416"
"laino borgo","E417"
"laino castello","E419"
"laion","E420"
"laives","E421"
"lajatico","E413"
"lallio","E422"
"lama mocogno","E426"
"lama dei peligni","E424"
"lambrugo","E428"
"lamezia terme","M208"
"lamon","E429"
"lampedusa e linosa","E431"
"lamporecchio","E432"
"lamporo","E433"
"lana","E434"
"lanciano","E435"
"landiona","E436"
"landriano","E437"
"langhirano","E438"
"langosco","E439"
"lanusei","E441"
"lanuvio","C767"
"lanzada","E443"
"lanzo torinese","E445"
"lapedona","E447"
"lapio","E448"
"lappano","E450"
"larciano","E451"
"lardirago","E454"
"lariano","M207"
"larino","E456"
"las plassas","E464"
"lasa","E457"
"lascari","E459"
"lasnigo","E462"
"lastebasse","E465"
"lastra a signa","E466"
"latera","E467"
"laterina pergine valdarno","M392"
"laterza","E469"
"latiano","E471"
"latina","E472"
"latisana","E473"
"latronico","E474"
"lattarico","E475"
"lauco","E476"
"laureana cilento","E480"
"laureana di borrello","E479"
"lauregno","E481"
"laurenzana","E482"
"lauria","E483"
"lauriano","E484"
"laurino","E485"
"laurito","E486"
"lauro","E487"
"lavagna","E488"
"lavagno","E489"
"lavarone","E492"
"lavello","E493"
"lavena ponte tresa","E494"
"laveno-mombello","E496"
"lavenone","E497"
"laviano","E498"
"lavis","E500"
"lazise","E502"
"lazzate","E504"
"lecce","E506"
"lecce nei marsi","E505"
"lecco","E507"
"ledro","M313"
"leffe","E509"
"leggiuno","E510"
"legnago","E512"
"legnano","E514"
"legnaro","E515"
"lei","E517"
"leini","E518"
"leivi","E519"
"lemie","E520"
"lendinara","E522"
"leni","E523"
"lenna","E524"
"leno","E526"
"lenola","E527"
"lenta","E528"
"lentate sul seveso","E530"
"lentella","E531"
"lentini","E532"
"leonessa","E535"
"leonforte","E536"
"leporano","E537"
"lequile","E538"
"lequio berria","E540"
"lequio tanaro","E539"
"lercara friddi","E541"
"lerici","E542"
"lerma","E543"
"lesa","E544"
"lesegno","E546"
"lesignano de' bagni","E547"
"lesina","E549"
"lesmo","E550"
"lessolo","E551"
"lessona","M371"
"lestizza","E553"
"letino","E554"
"letojanni","E555"
"lettere","E557"
"lettomanoppello","E558"
"lettopalena","E559"
"levanto","E560"
"levate","E562"
"leverano","E563"
"levice","E564"
"levico terme","E565"
"levone","E566"
"lezzeno","E569"
"liberi","E570"
"librizzi","E571"
"licata","E573"
"licciana nardi","E574"
"licenza","E576"
"licodia eubea","E578"
"lierna","E581"
"lignana","E583"
"lignano sabbiadoro","E584"
"lillianes","E587"
"limana","E588"
"limatola","E589"
"limbadi","E590"
"limbiate","E591"
"limena","E592"
"limido comasco","E593"
"limina","E594"
"limone piemonte","E597"
"limone sul garda","E596"
"limosano","E599"
"linarolo","E600"
"linguaglossa","E602"
"lioni","E605"
"lipari","E606"
"lipomo","E607"
"lirio","E608"
"liscate","E610"
"liscia","E611"
"lisciano niccone","E613"
"lisio","E615"
"lissone","E617"
"liveri","E620"
"livigno","E621"
"livinallongo del col di lana","E622"
"livo","E623"
"livo","E624"
"livorno","E625"
"livorno ferraris","E626"
"livraga","E627"
"lizzanello","E629"
"lizzano","E630"
"lizzano in belvedere","A771"
"loano","E632"
"loazzolo","E633"
"locana","E635"
"locate varesino","E638"
"locate di triulzi","E639"
"locatello","E640"
"loceri","E644"
"locorotondo","E645"
"locri","D976"
"loculi","E646"
"lodi","E648"
"lodi vecchio","E651"
"lodine","E649"
"lodrino","E652"
"lodè","E647"
"lograto","E654"
"loiano","E655"
"loiri porto san paolo","M275"
"lomagna","E656"
"lomazzo","E659"
"lombardore","E660"
"lombriasco","E661"
"lomello","E662"
"lona-lases","E664"
"lonate ceppino","E665"
"lonate pozzolo","E666"
"lonato del garda","M312"
"londa","E668"
"longano","E669"
"longare","E671"
"longarone","M342"
"longhena","E673"
"longi","E674"
"longiano","E675"
"longobardi","E677"
"longobucco","E678"
"longone sabino","E681"
"longone al segrino","E679"
"lonigo","E682"
"loranzè","E683"
"loreggia","E684"
"loreglia","E685"
"lorenzago di cadore","E687"
"loreo","E689"
"loreto","E690"
"loreto aprutino","E691"
"loria","E692"
"loro ciuffenna","E693"
"loro piceno","E694"
"lorsica","E695"
"losine","E698"
"lotzorai","E700"
"lovere","E704"
"lovero","E705"
"lozio","E706"
"lozza","E707"
"lozzo atestino","E709"
"lozzo di cadore","E708"
"lozzolo","E711"
"lu e cuccaro monferrato","M420"
"lubriano","E713"
"lucca","E715"
"lucca sicula","E714"
"lucera","E716"
"lucignano","E718"
"lucinasco","E719"
"lucito","E722"
"luco dei marsi","E723"
"lucoli","E724"
"lugagnano val d'arda","E726"
"lugnano in teverina","E729"
"lugo","E730"
"lugo di vicenza","E731"
"luino","E734"
"luisago","E735"
"lula","E736"
"lumarzo","E737"
"lumezzane","E738"
"lunamatrona","E742"
"lunano","E743"
"lungavilla","B387"
"lungro","E745"
"luni","G143"
"luogosano","E746"
"luogosanto","E747"
"lupara","E748"
"lurago marinone","E750"
"lurago d'erba","E749"
"lurano","E751"
"luras","E752"
"lurate caccivio","E753"
"lusciano","E754"
"luserna","E757"
"luserna san giovanni","E758"
"lusernetta","E759"
"lusevera","E760"
"lusia","E761"
"lusiana conco","M427"
"lusigliè","E763"
"luson","E764"
"lustra","E767"
"luvinate","E769"
"luzzana","E770"
"luzzara","E772"
"luzzi","E773"
"maccagno con pino e veddasca","M339"
"maccastorna","E777"
"macchia valfortore","E780"
"macchia d'isernia","E778"
"macchiagodena","E779"
"macello","E782"
"macerata","E783"
"macerata campania","E784"
"macerata feltria","E785"
"macherio","E786"
"maclodio","E787"
"macomer","E788"
"macra","E789"
"macugnaga","E790"
"maddaloni","E791"
"madesimo","E342"
"madignano","E793"
"madone","E794"
"madonna del sasso","E795"
"madruzzo","M357"
"maenza","E798"
"mafalda","E799"
"magasa","E800"
"magenta","E801"
"maggiora","E803"
"magherno","E804"
"magione","E805"
"magisano","E806"
"magliano alfieri","E809"
"magliano alpi","E808"
"magliano romano","E813"
"magliano sabina","E812"
"magliano vetere","E814"
"magliano de' marsi","E811"
"magliano di tenna","E807"
"magliano in toscana","E810"
"maglie","E815"
"magliolo","E816"
"maglione","E817"
"magnacavallo","E818"
"magnago","E819"
"magnano","E821"
"magnano in riviera","E820"
"magomadas","E825"
"magreglio","E830"
"magrè sulla strada del vino","E829"
"maida","E834"
"maierato","E836"
"maierà","E835"
"maiolati spontini","E837"
"maiolo","E838"
"maiori","E839"
"mairago","E840"
"mairano","E841"
"maissana","E842"
"majano","E833"
"malagnino","E843"
"malalbergo","E844"
"malborghetto valbruna","E847"
"malcesine","E848"
"malegno","E851"
"maleo","E852"
"malesco","E853"
"maletto","E854"
"malfa","E855"
"malgrate","E858"
"malito","E859"
"mallare","E860"
"malles venosta","E862"
"malnate","E863"
"malo","E864"
"malonno","E865"
"maltignano","E868"
"malvagna","E869"
"malvicino","E870"
"malvito","E872"
"malé","E850"
"mammola","E873"
"mamoiada","E874"
"manciano","E875"
"mandanici","E876"
"mandas","E877"
"mandatoriccio","E878"
"mandela","B632"
"mandello vitta","E880"
"mandello del lario","E879"
"manduria","E882"
"manerba del garda","E883"
"manerbio","E884"
"manfredonia","E885"
"mango","E887"
"mangone","E888"
"maniace","M283"
"maniago","E889"
"manocalzati","E891"
"manoppello","E892"
"mansuè","E893"
"manta","E894"
"mantello","E896"
"mantova","E897"
"manzano","E899"
"manziana","E900"
"mapello","E901"
"mappano","M316"
"mara","E902"
"maracalagonis","E903"
"maranello","E904"
"marano equo","E908"
"marano lagunare","E910"
"marano marchesato","E914"
"marano principato","E915"
"marano ticino","E907"
"marano vicentino","E912"
"marano di napoli","E906"
"marano di valpolicella","E911"
"marano sul panaro","E905"
"maranzana","E917"
"maratea","E919"
"marcallo con casone","E921"
"marcaria","E922"
"marcedusa","E923"
"marcellina","E924"
"marcellinara","E925"
"marcetelli","E927"
"marcheno","E928"
"marchirolo","E929"
"marciana","E930"
"marciana marina","E931"
"marcianise","E932"
"marciano della chiana","E933"
"marcignago","E934"
"marcon","E936"
"marebbe","E938"
"marene","E939"
"mareno di piave","E940"
"marentino","E941"
"maretto","E944"
"margarita","E945"
"margherita di savoia","E946"
"margno","E947"
"mariana mantovana","E949"
"mariano comense","E951"
"mariano del friuli","E952"
"marianopoli","E953"
"mariglianella","E954"
"marigliano","E955"
"marina di gioiosa ionica","E956"
"marineo","E957"
"marino","E958"
"marlengo","E959"
"marliana","E960"
"marmentino","E961"
"marmirolo","E962"
"marmora","E963"
"marnate","E965"
"marone","E967"
"maropati","E968"
"marostica","E970"
"marradi","E971"
"marrubiu","E972"
"marsaglia","E973"
"marsala","E974"
"marsciano","E975"
"marsico nuovo","E976"
"marsicovetere","E977"
"marta","E978"
"martano","E979"
"martellago","E980"
"martello","E981"
"martignacco","E982"
"martignana di po","E983"
"martignano","E984"
"martina franca","E986"
"martinengo","E987"
"martiniana po","E988"
"martinsicuro","E989"
"martirano","E990"
"martirano lombardo","E991"
"martis","E992"
"martone","E993"
"marudo","E994"
"maruggio","E995"
"marzabotto","B689"
"marzano","E999"
"marzano appio","E998"
"marzano di nola","E997"
"marzi","F001"
"marzio","F002"
"masainas","M270"
"masate","F003"
"mascali","F004"
"mascalucia","F005"
"maschito","F006"
"masciago primo","F007"
"maser","F009"
"masera","F010"
"maserada sul piave","F012"
"maserà di padova","F011"
"masi","F013"
"masi torello","F016"
"masio","F015"
"maslianico","F017"
"masone","F020"
"massa","F023"
"massa fermana","F021"
"massa lombarda","F029"
"massa lubrense","F030"
"massa marittima","F032"
"massa martana","F024"
"massa d'albe","F022"
"massa di somma","M289"
"massa e cozzile","F025"
"massafra","F027"
"massalengo","F028"
"massanzago","F033"
"massarosa","F035"
"massazza","F037"
"massello","F041"
"masserano","F042"
"massignano","F044"
"massimeno","F045"
"massimino","F046"
"massino visconti","F047"
"massiola","F048"
"masullas","F050"
"matelica","F051"
"matera","F052"
"mathi","F053"
"matino","F054"
"matrice","F055"
"mattie","F058"
"mattinata","F059"
"mazara del vallo","F061"
"mazzano","F063"
"mazzano romano","F064"
"mazzarino","F065"
"mazzarrone","M271"
"mazzarrà sant'andrea","F066"
"mazzin","F068"
"mazzo di valtellina","F070"
"mazzè","F067"
"meana sardo","F073"
"meana di susa","F074"
"meda","F078"
"mede","F080"
"medea","F081"
"medesano","F082"
"medicina","F083"
"mediglia","F084"
"medolago","F085"
"medole","F086"
"medolla","F087"
"meduna di livenza","F088"
"meduno","F089"
"megliadino san vitale","F092"
"meina","F093"
"melara","F095"
"melazzo","F096"
"meldola","F097"
"mele","F098"
"melegnano","F100"
"melendugno","F101"
"meleti","F102"
"melfi","F104"
"melicucco","F106"
"melicuccà","F105"
"melilli","F107"
"melissa","F108"
"melissano","F109"
"melito irpino","F110"
"melito di napoli","F111"
"melito di porto salvo","F112"
"melizzano","F113"
"melle","F114"
"mello","F115"
"melpignano","F117"
"meltina","F118"
"melzo","F119"
"menaggio","F120"
"menconico","F122"
"mendatica","F123"
"mendicino","F125"
"menfi","F126"
"mentana","F127"
"meolo","F130"
"merana","F131"
"merano","F132"
"merate","F133"
"mercallo","F134"
"mercatello sul metauro","F135"
"mercatino conca","F136"
"mercato san severino","F138"
"mercato saraceno","F139"
"mercenasco","F140"
"mercogliano","F141"
"mereto di tomba","F144"
"mergo","F145"
"mergozzo","F146"
"merlara","F148"
"merlino","F149"
"merone","F151"
"merì","F147"
"mesagne","F152"
"mese","F153"
"mesenzana","F154"
"mesero","F155"
"mesola","F156"
"mesoraca","F157"
"messina","F158"
"mestrino","F161"
"meta","F162"
"mezzago","F165"
"mezzana","F168"
"mezzana bigli","F170"
"mezzana mortigliengo","F167"
"mezzana rabattone","F171"
"mezzane di sotto","F172"
"mezzanego","F173"
"mezzanino","F175"
"mezzano","F176"
"mezzenile","F182"
"mezzocorona","F183"
"mezzojuso","F184"
"mezzoldo","F186"
"mezzolombardo","F187"
"mezzomerico","F188"
"miagliano","F189"
"miane","F190"
"miasino","F191"
"miazzina","F192"
"micigliano","F193"
"miggiano","F194"
"miglianico","F196"
"miglierina","F200"
"miglionico","F201"
"mignanego","F202"
"mignano monte lungo","F203"
"milano","F205"
"milazzo","F206"
"milena","E618"
"mileto","F207"
"milis","F208"
"militello rosmarino","F210"
"militello in val di catania","F209"
"millesimo","F213"
"milo","F214"
"milzano","F216"
"mineo","F217"
"minerbe","F218"
"minerbio","F219"
"minervino murge","F220"
"minervino di lecce","F221"
"minori","F223"
"minturno","F224"
"minucciano","F225"
"mioglia","F226"
"mira","F229"
"mirabella eclano","F230"
"mirabella imbaccari","F231"
"mirabello monferrato","F232"
"mirabello sannitico","F233"
"miradolo terme","F238"
"miranda","F239"
"mirandola","F240"
"mirano","F241"
"mirto","F242"
"misano adriatico","F244"
"misano di gera d'adda","F243"
"misiliscemi","M432"
"misilmeri","F246"
"misinto","F247"
"missaglia","F248"
"missanello","F249"
"misterbianco","F250"
"mistretta","F251"
"moasca","F254"
"moconesi","F256"
"modena","F257"
"modica","F258"
"modigliana","F259"
"modolo","F261"
"modugno","F262"
"moena","F263"
"moggio","F265"
"moggio udinese","F266"
"moglia","F267"
"mogliano","F268"
"mogliano veneto","F269"
"mogorella","F270"
"mogoro","F272"
"moiano","F274"
"moimacco","F275"
"moio alcantara","F277"
"moio de' calvi","F276"
"moio della civitella","F278"
"moiola","F279"
"mola di bari","F280"
"molare","F281"
"molazzana","F283"
"molfetta","F284"
"molina aterno","M255"
"molinara","F287"
"molinella","F288"
"molini di triora","F290"
"molino dei torti","F293"
"molise","F294"
"moliterno","F295"
"mollia","F297"
"molochio","F301"
"molteno","F304"
"moltrasio","F305"
"molveno","F307"
"mombaldone","F308"
"mombarcaro","F309"
"mombaroccio","F310"
"mombaruzzo","F311"
"mombasiglio","F312"
"mombello monferrato","F313"
"mombello di torino","F315"
"mombercelli","F316"
"momo","F317"
"mompantero","F318"
"mompeo","F319"
"momperone","F320"
"monacilioni","F322"
"monale","F323"
"monasterace","F324"
"monastero bormida","F325"
"monastero di lanzo","F327"
"monastero di vasco","F326"
"monasterolo casotto","F329"
"monasterolo del castello","F328"
"monasterolo di savigliano","F330"
"monastier di treviso","F332"
"monastir","F333"
"moncalieri","F335"
"moncalvo","F336"
"moncenisio","D553"
"moncestino","F337"
"monchiero","F338"
"monchio delle corti","F340"
"moncrivello","F342"
"moncucco torinese","F343"
"mondaino","F346"
"mondavio","F347"
"mondolfo","F348"
"mondovì","F351"
"mondragone","F352"
"moneglia","F354"
"monesiglio","F355"
"monfalcone","F356"
"monforte san giorgio","F359"
"monforte d'alba","F358"
"monfumo","F360"
"mongardino","F361"
"monghidoro","F363"
"mongiana","F364"
"mongiardino ligure","F365"
"mongiuffi melia","F368"
"mongrando","F369"
"mongrassano","F370"
"monguelfo-tesido","F371"
"monguzzo","F372"
"moniga del garda","F373"
"monleale","F374"
"monno","F375"
"monopoli","F376"
"monreale","F377"
"monrupino","F378"
"monsampietro morico","F379"
"monsampolo del tronto","F380"
"monsano","F381"
"monselice","F382"
"monserrato","F383"
"monsummano terme","F384"
"montabone","F386"
"montacuto","F387"
"montafia","F390"
"montagano","F391"
"montagna in valtellina","F393"
"montagna sulla strada del vino","F392"
"montagnana","F394"
"montagnareale","F395"
"montaguto","F397"
"montaione","F398"
"montalbano elicona","F400"
"montalbano jonico","F399"
"montalcino","M378"
"montaldeo","F403"
"montaldo bormida","F404"
"montaldo roero","F408"
"montaldo scarampi","F409"
"montaldo torinese","F407"
"montaldo di mondovì","F405"
"montale","F410"
"montalenghe","F411"
"montallegro","F414"
"montalto carpasio","M387"
"montalto dora","F420"
"montalto pavese","F417"
"montalto uffugo","F416"
"montalto delle marche","F415"
"montalto di castro","F419"
"montanaro","F422"
"montanaso lombardo","F423"
"montanera","F424"
"montano antilia","F426"
"montano lucino","F427"
"montappone","F428"
"montaquila","F429"
"montasola","F430"
"montauro","F432"
"montazzoli","F433"
"monte argentario","F437"
"monte castello di vibio","F456"
"monte cavallo","F460"
"monte cerignone","F467"
"monte compatri","F477"
"monte cremasco","F434"
"monte giberto","F517"
"monte grimano terme","F524"
"monte isola","F532"
"monte marenzo","F561"
"monte porzio","F589"
"monte porzio catone","F590"
"monte rinaldo","F599"
"monte roberto","F600"
"monte romano","F603"
"monte san biagio","F616"
"monte san giacomo","F618"
"monte san giovanni campano","F620"
"monte san giovanni in sabina","F619"
"monte san giusto","F621"
"monte san martino","F622"
"monte san pietrangeli","F626"
"monte san pietro","F627"
"monte san savino","F628"
"monte san vito","F634"
"monte sant'angelo","F631"
"monte santa maria tiberina","F629"
"monte urano","F653"
"monte vidon combatte","F664"
"monte vidon corrado","F665"
"monte di malo","F486"
"monte di procida","F488"
"montebello jonico","D746"
"montebello vicentino","F442"
"montebello della battaglia","F440"
"montebello di bertona","F441"
"montebello sul sangro","B268"
"montebelluna","F443"
"montebruno","F445"
"montebuono","F446"
"montecalvo irpino","F448"
"montecalvo versiggia","F449"
"montecalvo in foglia","F450"
"montecarlo","F452"
"montecarotto","F453"
"montecassiano","F454"
"montecastello","F455"
"montecastrilli","F457"
"montecatini val di cecina","F458"
"montecatini-terme","A561"
"montecchia di crosara","F461"
"montecchio","F462"
"montecchio emilia","F463"
"montecchio maggiore","F464"
"montecchio precalcino","F465"
"montechiaro d'acqui","F469"
"montechiaro d'asti","F468"
"montechiarugolo","F473"
"montecilfone","F475"
"montecopiolo","F478"
"montecorice","F479"
"montecorvino pugliano","F480"
"montecorvino rovella","F481"
"montecosaro","F482"
"montecrestese","F483"
"montecreto","F484"
"montedinove","F487"
"montedoro","F489"
"montefalcione","F491"
"montefalco","F492"
"montefalcone appennino","F493"
"montefalcone di val fortore","F494"
"montefalcone nel sannio","F495"
"montefano","F496"
"montefelcino","F497"
"monteferrante","F498"
"montefiascone","F499"
"montefino","F500"
"montefiore conca","F502"
"montefiore dell'aso","F501"
"montefiorino","F503"
"monteflavio","F504"
"monteforte cilento","F507"
"monteforte irpino","F506"
"monteforte d'alpone","F508"
"montefortino","F509"
"montefranco","F510"
"montefredane","F511"
"montefusco","F512"
"montegabbione","F513"
"montegalda","F514"
"montegaldella","F515"
"montegallo","F516"
"montegioco","F518"
"montegiordano","F519"
"montegiorgio","F520"
"montegranaro","F522"
"montegridolfo","F523"
"montegrino valtravaglia","F526"
"montegrosso pian latte","F528"
"montegrosso d'asti","F527"
"montegrotto terme","F529"
"monteiasi","F531"
"montelabbate","F533"
"montelanico","F534"
"montelapiano","F535"
"monteleone rocca doria","F542"
"monteleone sabino","F541"
"monteleone d'orvieto","F543"
"monteleone di fermo","F536"
"monteleone di puglia","F538"
"monteleone di spoleto","F540"
"montelepre","F544"
"montelibretti","F545"
"montella","F546"
"montello","F547"
"montelongo","F548"
"montelparo","F549"
"montelupo albese","F550"
"montelupo fiorentino","F551"
"montelupone","F552"
"montemaggiore belsito","F553"
"montemagno monferrato","F556"
"montemale di cuneo","F558"
"montemarano","F559"
"montemarciano","F560"
"montemarzino","F562"
"montemesola","F563"
"montemezzo","F564"
"montemignaio","F565"
"montemiletto","F566"
"montemilone","F568"
"montemitro","F569"
"montemonaco","F570"
"montemurlo","F572"
"montemurro","F573"
"montenars","F574"
"montenero sabino","F579"
"montenero val cocchiara","F580"
"montenero di bisaccia","F576"
"montenerodomo","F578"
"monteodorisio","F582"
"montepaone","F586"
"monteparano","F587"
"monteprandone","F591"
"montepulciano","F592"
"monterchi","F594"
"montereale","F595"
"montereale valcellina","F596"
"monterenzio","F597"
"monteriggioni","F598"
"monteroduni","F601"
"monteroni d'arbia","F605"
"monteroni di lecce","F604"
"monterosi","F606"
"monterosso almo","F610"
"monterosso calabro","F607"
"monterosso grana","F608"
"monterosso al mare","F609"
"monterotondo","F611"
"monterotondo marittimo","F612"
"monterubbiano","F614"
"montesano salentino","F623"
"montesano sulla marcellana","F625"
"montesarchio","F636"
"montescaglioso","F637"
"montescano","F638"
"montescheno","F639"
"montescudaio","F640"
"montescudo-monte colombo","M368"
"montese","F642"
"montesegale","F644"
"montesilvano","F646"
"montespertoli","F648"
"monteu roero","F654"
"monteu da po","F651"
"montevago","F655"
"montevarchi","F656"
"montevecchia","F657"
"monteverde","F660"
"monteverdi marittimo","F661"
"monteviale","F662"
"montezemolo","F666"
"monti","F667"
"montiano","F668"
"monticelli brusati","F672"
"monticelli pavese","F670"
"monticelli d'ongina","F671"
"monticello brianza","F674"
"monticello conte otto","F675"
"monticello d'alba","F669"
"montichiari","F471"
"monticiano","F676"
"montieri","F677"
"montiglio monferrato","M302"
"montignoso","F679"
"montirone","F680"
"montjovet","F367"
"montodine","F681"
"montoggio","F682"
"montone","F685"
"montopoli di sabina","F687"
"montopoli in val d'arno","F686"
"montorfano","F688"
"montorio romano","F692"
"montorio al vomano","F690"
"montorio nei frentani","F689"
"montoro","M330"
"montorso vicentino","F696"
"montottone","F697"
"montresta","F698"
"montà","F385"
"montù beccaria","F701"
"monvalle","F703"
"monza","F704"
"monzambano","F705"
"monzuno","F706"
"morano calabro","F708"
"morano sul po","F707"
"moransengo-tonengo","M434"
"moraro","F710"
"morazzone","F711"
"morbegno","F712"
"morbello","F713"
"morciano di leuca","F716"
"morciano di romagna","F715"
"morcone","F717"
"mordano","F718"
"morengo","F720"
"mores","F721"
"moresco","F722"
"moretta","F723"
"morfasso","F724"
"morgano","F725"
"morgex","F726"
"morgongiori","F727"
"mori","F728"
"moriago della battaglia","F729"
"moricone","F730"
"morigerati","F731"
"morimondo","D033"
"morino","F732"
"moriondo torinese","F733"
"morlupo","F734"
"mormanno","F735"
"mornago","F736"
"mornese","F737"
"mornico losana","F739"
"mornico al serio","F738"
"morolo","F740"
"morozzo","F743"
"morra de sanctis","F744"
"morro reatino","F746"
"morro d'alba","F745"
"morro d'oro","F747"
"morrone del sannio","F748"
"morrovalle","F749"
"morsano al tagliamento","F750"
"morsasco","F751"
"mortara","F754"
"mortegliano","F756"
"morterone","F758"
"moruzzo","F760"
"moscazzano","F761"
"moschiano","F762"
"mosciano sant'angelo","F764"
"moscufo","F765"
"moso in passiria","F766"
"mossa","F767"
"motta baluffi","F771"
"motta camastra","F772"
"motta montecorvino","F777"
"motta san giovanni","F779"
"motta sant'anastasia","F781"
"motta santa lucia","F780"
"motta visconti","F783"
"motta d'affermo","F773"
"motta de' conti","F774"
"motta di livenza","F770"
"mottafollone","F775"
"mottalciata","F776"
"motteggiana","B012"
"mottola","F784"
"mozzagrogna","F785"
"mozzanica","F786"
"mozzate","F788"
"mozzecane","F789"
"mozzo","F791"
"muccia","F793"
"muggia","F795"
"muggiò","F797"
"mugnano del cardinale","F798"
"mugnano di napoli","F799"
"mulazzano","F801"
"mulazzo","F802"
"mura","F806"
"muravera","F808"
"murazzano","F809"
"murello","F811"
"murialdo","F813"
"murisengo","F814"
"murlo","F815"
"muro leccese","F816"
"muro lucano","F817"
"muros","F818"
"muscoline","F820"
"musei","F822"
"musile di piave","F826"
"musso","F828"
"mussolente","F829"
"mussomeli","F830"
"muzzana del turgnano","F832"
"muzzano","F833"
"nago-torbole","F835"
"nalles","F836"
"nanto","F838"
"napoli","F839"
"narbolia","F840"
"narcao","F841"
"nardodipace","F843"
"nardò","F842"
"narni","F844"
"naro","F845"
"narzole","F846"
"nasino","F847"
"naso","F848"
"naturno","F849"
"nave","F851"
"navelli","F852"
"naz-sciaves","F856"
"nazzano","F857"
"ne","F858"
"nebbiuno","F859"
"negrar di valpolicella","F861"
"neirone","F862"
"neive","F863"
"nembro","F864"
"nemi","F865"
"nemoli","F866"
"neoneli","F867"
"nepi","F868"
"nereto","F870"
"nerola","F871"
"nervesa della battaglia","F872"
"nerviano","F874"
"nespolo","F876"
"nesso","F877"
"netro","F878"
"nettuno","F880"
"neviano","F881"
"neviano degli arduini","F882"
"neviglie","F883"
"niardo","F884"
"nibbiola","F886"
"nibionno","F887"
"nichelino","F889"
"nicolosi","F890"
"nicorvo","F891"
"nicosia","F892"
"nicotera","F893"
"niella belbo","F894"
"niella tanaro","F895"
"nimis","F898"
"niscemi","F899"
"nissoria","F900"
"nizza monferrato","F902"
"nizza di sicilia","F901"
"noale","F904"
"noasca","F906"
"nocara","F907"
"nocciano","F908"
"nocera inferiore","F912"
"nocera superiore","F913"
"nocera terinese","F910"
"nocera umbra","F911"
"noceto","F914"
"noci","F915"
"nociglia","F916"
"noepoli","F917"
"nogara","F918"
"nogaredo","F920"
"nogarole rocca","F921"
"nogarole vicentino","F922"
"noicattaro","F923"
"nola","F924"
"nole","F925"
"noli","F926"
"nomaglio","F927"
"nomi","F929"
"nonantola","F930"
"none","F931"
"nonio","F932"
"noragugume","F933"
"norbello","F934"
"norcia","F935"
"norma","F937"
"nosate","F939"
"notaresco","F942"
"noto","F943"
"nova levante","F949"
"nova milanese","F944"
"nova ponente","F950"
"nova siri","A942"
"novafeltria","F137"
"novaledo","F947"
"novalesa","F948"
"novara","F952"
"novara di sicilia","F951"
"novate mezzola","F956"
"novate milanese","F955"
"nove","F957"
"novedrate","F958"
"novella","M430"
"novellara","F960"
"novello","F961"
"noventa padovana","F962"
"noventa vicentina","F964"
"noventa di piave","F963"
"novi ligure","F965"
"novi velia","F967"
"novi di modena","F966"
"noviglio","F968"
"novoli","F970"
"nucetto","F972"
"nughedu san nicolò","F975"
"nughedu santa vittoria","F974"
"nule","F976"
"nulvi","F977"
"numana","F978"
"nuoro","F979"
"nurachi","F980"
"nuragus","F981"
"nurallao","F982"
"nuraminis","F983"
"nureci","F985"
"nurri","F986"
"nus","F987"
"nusco","F988"
"nuvolento","F989"
"nuvolera","F990"
"nuxis","F991"
"occhieppo inferiore","F992"
"occhieppo superiore","F993"
"occhiobello","F994"
"occimiano","F995"
"ocre","F996"
"odalengo grande","F997"
"odalengo piccolo","F998"
"oderzo","F999"
"odolo","G001"
"ofena","G002"
"offagna","G003"
"offanengo","G004"
"offida","G005"
"offlaga","G006"
"oggebbio","G007"
"oggiona con santo stefano","G008"
"oggiono","G009"
"oglianico","G010"
"ogliastro cilento","G011"
"olbia","G015"
"olcenengo","G016"
"oldenico","G018"
"oleggio","G019"
"oleggio castello","G020"
"olevano romano","G022"
"olevano di lomellina","G021"
"olevano sul tusciano","G023"
"olgiate comasco","G025"
"olgiate molgora","G026"
"olgiate olona","G028"
"olginate","G030"
"oliena","G031"
"oliva gessi","G032"
"olivadi","G034"
"oliveri","G036"
"oliveto citra","G039"
"oliveto lario","G040"
"oliveto lucano","G037"
"olivetta san michele","G041"
"olivola","G042"
"ollastra","G043"
"ollolai","G044"
"ollomont","G045"
"olmedo","G046"
"olmeneta","G047"
"olmo gentile","G048"
"olmo al brembo","G049"
"oltre il colle","G050"
"oltressenda alta","G054"
"oltrona di san mamette","G056"
"olzai","G058"
"ome","G061"
"omegna","G062"
"omignano","G063"
"onano","G065"
"onanì","G064"
"oncino","G066"
"oneta","G068"
"onifai","G070"
"oniferi","G071"
"ono san pietro","G074"
"onore","G075"
"onzo","G076"
"opera","G078"
"opi","G079"
"oppeano","G080"
"oppido lucano","G081"
"oppido mamertina","G082"
"ora","G083"
"orani","G084"
"oratino","G086"
"orbassano","G087"
"orbetello","G088"
"orciano pisano","G090"
"orco feglino","D522"
"ordona","M266"
"orero","G093"
"orgiano","G095"
"orgosolo","G097"
"oria","G098"
"oricola","G102"
"origgio","G103"
"orino","G105"
"orio canavese","G109"
"orio litta","G107"
"orio al serio","G108"
"oriolo","G110"
"oriolo romano","G111"
"oristano","G113"
"ormea","G114"
"ormelle","G115"
"ornago","G116"
"ornavasso","G117"
"ornica","G118"
"orosei","G119"
"orotelli","G120"
"orria","G121"
"orroli","G122"
"orsago","G123"
"orsara bormida","G124"
"orsara di puglia","G125"
"orsenigo","G126"
"orsogna","G128"
"orsomarso","G129"
"orta nova","G131"
"orta san giulio","G134"
"orta di atella","G130"
"ortacesus","G133"
"orte","G135"
"ortelle","G136"
"ortezzano","G137"
"ortignano raggiolo","G139"
"ortisei","G140"
"ortona","G141"
"ortona dei marsi","G142"
"ortovero","G144"
"ortucchio","G145"
"ortueri","G146"
"orune","G147"
"orvieto","G148"
"orvinio","B595"
"orzinuovi","G149"
"orzivecchi","G150"
"osasco","G151"
"osasio","G152"
"oschiri","G153"
"osidda","G154"
"osiglia","G155"
"osilo","G156"
"osimo","G157"
"osini","G158"
"osio sopra","G159"
"osio sotto","G160"
"osnago","G161"
"osoppo","G163"
"ospedaletti","G164"
"ospedaletto","G168"
"ospedaletto euganeo","G167"
"ospedaletto lodigiano","G166"
"ospedaletto d'alpinolo","G165"
"ospitale di cadore","G169"
"ospitaletto","G170"
"ossago lodigiano","G171"
"ossana","G173"
"ossi","G178"
"ossimo","G179"
"ossona","G181"
"ostana","G183"
"ostellato","G184"
"ostiano","G185"
"ostiglia","G186"
"ostra","F401"
"ostra vetere","F581"
"ostuni","G187"
"otranto","G188"
"otricoli","G189"
"ottana","G191"
"ottati","G192"
"ottaviano","G190"
"ottiglio","G193"
"ottobiano","G194"
"ottone","G195"
"oulx","G196"
"ovada","G197"
"ovaro","G198"
"oviglio","G199"
"ovindoli","G200"
"ovodda","G201"
"oyace","G012"
"ozegna","G202"
"ozieri","G203"
"ozzano monferrato","G204"
"ozzano dell'emilia","G205"
"ozzero","G206"
"pabillonis","G207"
"pace del mela","G209"
"paceco","G208"
"pacentro","G210"
"pachino","G211"
"paciano","G212"
"padenghe sul garda","G213"
"paderna","G215"
"paderno dugnano","G220"
"paderno franciacorta","G217"
"paderno ponchielli","G222"
"paderno d'adda","G218"
"padova","G224"
"padria","G225"
"padru","M301"
"padula","G226"
"paduli","G227"
"paesana","G228"
"paese","G229"
"pagani","G230"
"paganico sabino","G232"
"pagazzano","G233"
"pagliara","G234"
"paglieta","G237"
"pagnacco","G238"
"pagno","G240"
"pagnona","G241"
"pago veiano","G243"
"pago del vallo di lauro","G242"
"paisco loveno","G247"
"paitone","G248"
"paladina","G249"
"palagano","G250"
"palagianello","G251"
"palagiano","G252"
"palagonia","G253"
"palaia","G254"
"palanzano","G255"
"palata","G257"
"palau","G258"
"palazzago","G259"
"palazzo adriano","G263"
"palazzo canavese","G262"
"palazzo pignano","G260"
"palazzo san gervasio","G261"
"palazzolo acreide","G267"
"palazzolo vercellese","G266"
"palazzolo dello stella","G268"
"palazzolo sull'oglio","G264"
"palazzuolo sul senio","G270"
"palena","G271"
"palermiti","G272"
"palermo","G273"
"palestrina","G274"
"palestro","G275"
"paliano","G276"
"palizzi","G277"
"pallagorio","G278"
"pallanzeno","G280"
"pallare","G281"
"palma campania","G283"
"palma di montechiaro","G282"
"palmanova","G284"
"palmariggi","G285"
"palmas arborea","G286"
"palmi","G288"
"palmiano","G289"
"palmoli","G290"
"palo del colle","G291"
"palombara sabina","G293"
"palombaro","G294"
"palomonte","G292"
"palosco","G295"
"paludi","G298"
"paluzza","G300"
"palù","G297"
"palù del fersina","G296"
"pamparato","G302"
"pancalieri","G303"
"pancarana","G304"
"panchià","G305"
"pandino","G306"
"panettieri","G307"
"panicale","G308"
"pannarano","G311"
"panni","G312"
"pantelleria","G315"
"pantigliate","G316"
"paola","G317"
"paolisi","G318"
"papasidero","G320"
"papozze","G323"
"parabiago","G324"
"parabita","G325"
"paratico","G327"
"parcines","G328"
"parella","G330"
"parenti","G331"
"parete","G333"
"pareto","G334"
"parghelia","G335"
"parlasco","G336"
"parma","G337"
"parodi ligure","G338"
"paroldo","G339"
"parolise","G340"
"parona","G342"
"parrano","G344"
"parre","G346"
"partanna","G347"
"partinico","G348"
"paruzzaro","G349"
"parzanica","G350"
"pasian di prato","G352"
"pasiano di pordenone","G353"
"paspardo","G354"
"passerano marmorito","G358"
"passignano sul trasimeno","G359"
"passirano","G361"
"pastena","G362"
"pastorano","G364"
"pastrengo","G365"
"pasturana","G367"
"pasturo","G368"
"paterno","M269"
"paterno calabro","G372"
"paternopoli","G370"
"paternò","G371"
"patrica","G374"
"pattada","G376"
"patti","G377"
"patù","G378"
"pau","G379"
"paularo","G381"
"pauli arbarei","G382"
"paulilatino","G384"
"paullo","G385"
"paupisi","G386"
"pavarolo","G387"
"pavia","G388"
"pavia di udine","G389"
"pavone canavese","G392"
"pavone del mella","G391"
"pavullo nel frignano","G393"
"pazzano","G394"
"peccioli","G395"
"pecetto torinese","G398"
"pecetto di valenza","G397"
"pedara","G402"
"pedaso","G403"
"pedavena","G404"
"pedemonte","G406"
"pederobba","G408"
"pedesina","G410"
"pedivigliano","G411"
"pedrengo","G412"
"peglio","G415"
"peglio","G416"
"pegognaga","G417"
"peia","G418"
"peio","G419"
"pelago","G420"
"pella","G421"
"pellegrino parmense","G424"
"pellezzano","G426"
"pellizzano","G428"
"pelugo","G429"
"penango","G430"
"penna san giovanni","G436"
"penna sant'andrea","G437"
"penna in teverina","G432"
"pennabilli","G433"
"pennadomo","G434"
"pennapiedimonte","G435"
"penne","G438"
"pentone","G439"
"perano","G441"
"perarolo di cadore","G442"
"perca","G443"
"percile","G444"
"perdasdefogu","G445"
"perdaxius","G446"
"perdifumo","G447"
"pereto","G449"
"perfugas","G450"
"pergine valsugana","G452"
"pergola","G453"
"perinaldo","G454"
"perito","G455"
"perledo","G456"
"perletto","G457"
"perlo","G458"
"perloz","G459"
"pernumia","G461"
"pero","C013"
"perosa argentina","G463"
"perosa canavese","G462"
"perrero","G465"
"persico dosimo","G469"
"pertengo","G471"
"pertica alta","G474"
"pertica bassa","G475"
"pertosa","G476"
"pertusio","G477"
"perugia","G478"
"pesaro","G479"
"pescaglia","G480"
"pescantina","G481"
"pescara","G482"
"pescarolo ed uniti","G483"
"pescasseroli","G484"
"pescate","G485"
"pesche","G486"
"peschici","G487"
"peschiera borromeo","G488"
"peschiera del garda","G489"
"pescia","G491"
"pescina","G492"
"pesco sannita","G494"
"pescocostanzo","G493"
"pescolanciano","G495"
"pescopagano","G496"
"pescopennataro","G497"
"pescorocchiano","G498"
"pescosansonesco","G499"
"pescosolido","G500"
"pessano con bornago","G502"
"pessina cremonese","G504"
"pessinetto","G505"
"petacciato","G506"
"petilia policastro","G508"
"petina","G509"
"petralia soprana","G510"
"petralia sottana","G511"
"petrella salto","G513"
"petrella tifernina","G512"
"petriano","G514"
"petriolo","G515"
"petritoli","G516"
"petrizzi","G517"
"petronà","G518"
"petrosino","M281"
"petruro irpino","G519"
"pettenasco","G520"
"pettinengo","G521"
"pettineo","G522"
"pettoranello del molise","G523"
"pettorano sul gizio","G524"
"pettorazza grimani","G525"
"peveragno","G526"
"pezzana","G528"
"pezzaze","G529"
"pezzolo valle uzzone","G532"
"piacenza","G535"
"piacenza d'adige","G534"
"piadena drizzona","M418"
"piaggine","G538"
"pian camuno","G546"
"piana crixia","G542"
"piana degli albanesi","G543"
"piana di monte verna","G541"
"piancastagnaio","G547"
"piancogno","G549"
"piandimeleto","G551"
"piane crati","G553"
"pianella","G555"
"pianello val tidone","G557"
"pianello del lario","G556"
"pianengo","G558"
"pianezza","G559"
"pianezze","G560"
"pianfei","G561"
"pianico","G564"
"pianiga","G565"
"piano di sorrento","G568"
"pianopoli","D546"
"pianoro","G570"
"piansano","G571"
"piantedo","G572"
"piario","G574"
"piasco","G575"
"piateda","G576"
"piatto","G577"
"piazza armerina","G580"
"piazza brembana","G579"
"piazza al serchio","G582"
"piazzatorre","G583"
"piazzola sul brenta","G587"
"piazzolo","G588"
"picciano","G589"
"picerno","G590"
"picinisco","G591"
"pico","G592"
"piea","G593"
"piedicavallo","G594"
"piedimonte etneo","G597"
"piedimonte matese","G596"
"piedimonte san germano","G598"
"piedimulera","G600"
"piegaro","G601"
"pienza","G602"
"pieranica","G603"
"pietra ligure","G605"
"pietra marazzi","G619"
"pietra de' giorgi","G612"
"pietrabbondante","G606"
"pietrabruna","G607"
"pietracamela","G608"
"pietracatella","G609"
"pietracupa","G610"
"pietradefusi","G611"
"pietraferrazzana","G613"
"pietrafitta","G615"
"pietragalla","G616"
"pietralunga","G618"
"pietramelara","G620"
"pietramontecorvino","G604"
"pietranico","G621"
"pietrapaola","G622"
"pietrapertosa","G623"
"pietraperzia","G624"
"pietraporzio","G625"
"pietraroja","G626"
"pietrarubbia","G627"
"pietrasanta","G628"
"pietrastornina","G629"
"pietravairano","G630"
"pietrelcina","G631"
"pieve albignola","G635"
"pieve emanuele","G634"
"pieve fissiraga","G096"
"pieve fosciana","G648"
"pieve ligure","G646"
"pieve porto morone","G650"
"pieve san giacomo","G651"
"pieve santo stefano","G653"
"pieve tesino","G656"
"pieve torina","G657"
"pieve vergonte","G658"
"pieve a nievole","G636"
"pieve d'olmi","G647"
"pieve del cairo","G639"
"pieve del grappa","M422"
"pieve di bono-prezzo","M365"
"pieve di cadore","G642"
"pieve di cento","G643"
"pieve di soligo","G645"
"pieve di teco","G632"
"pievepelago","G649"
"piglio","G659"
"pigna","G660"
"pignataro interamna","G662"
"pignataro maggiore","G661"
"pignola","G663"
"pignone","G664"
"pigra","G665"
"pila","G666"
"pimentel","G669"
"pimonte","G670"
"pinarolo po","G671"
"pinasca","G672"
"pincara","G673"
"pinerolo","G674"
"pineto","F831"
"pino torinese","G678"
"pino d'asti","G676"
"pinzano al tagliamento","G680"
"pinzolo","G681"
"piobbico","G682"
"piobesi torinese","G684"
"piobesi d'alba","G683"
"piode","G685"
"pioltello","G686"
"piombino","G687"
"piombino dese","G688"
"pioraco","G690"
"piossasco","G691"
"piove di sacco","G693"
"piovene rocchette","G694"
"piovà massaia","G692"
"piozzano","G696"
"piozzo","G697"
"piraino","G699"
"pisa","G702"
"pisano","G703"
"piscina","G705"
"piscinas","M291"
"pisciotta","G707"
"pisogne","G710"
"pisoniano","G704"
"pisticci","G712"
"pistoia","G713"
"pitigliano","G716"
"piubega","G717"
"piuro","G718"
"piverone","G719"
"pizzale","G720"
"pizzighettone","G721"
"pizzo","G722"
"pizzoferrato","G724"
"pizzoli","G726"
"pizzone","G727"
"pizzoni","G728"
"placanica","G729"
"plataci","G733"
"platania","G734"
"platì","G735"
"plaus","G299"
"plesio","G737"
"ploaghe","G740"
"plodio","G741"
"pocapaglia","G742"
"pocenia","G743"
"podenzana","G746"
"podenzano","G747"
"pofi","G749"
"poggiardo","G751"
"poggibonsi","G752"
"poggio bustone","G756"
"poggio catino","G757"
"poggio imperiale","G761"
"poggio mirteto","G763"
"poggio moiano","G764"
"poggio nativo","G765"
"poggio picenze","G766"
"poggio renatico","G768"
"poggio rusco","G753"
"poggio san lorenzo","G770"
"poggio san marcello","G771"
"poggio san vicino","D566"
"poggio sannita","B317"
"poggio torriana","M324"
"poggio a caiano","G754"
"poggiodomo","G758"
"poggiofiorito","G760"
"poggiomarino","G762"
"poggioreale","G767"
"poggiorsini","G769"
"poggiridenti","G431"
"pogliano milanese","G772"
"pognana lario","G773"
"pognano","G774"
"pogno","G775"
"poirino","G777"
"pojana maggiore","G776"
"polaveno","G779"
"polcenigo","G780"
"polesella","G782"
"polesine zibello","M367"
"poli","G784"
"polia","G785"
"policoro","G786"
"polignano a mare","G787"
"polinago","G789"
"polino","G790"
"polistena","G791"
"polizzi generosa","G792"
"polla","G793"
"pollein","G794"
"pollena trocchia","G795"
"pollenza","F567"
"pollica","G796"
"pollina","G797"
"pollone","G798"
"pollutri","G799"
"polonghera","G800"
"polpenazze del garda","G801"
"polverara","G802"
"polverigi","G803"
"pomarance","G804"
"pomaretto","G805"
"pomarico","G806"
"pomaro monferrato","G807"
"pomarolo","G808"
"pombia","G809"
"pomezia","G811"
"pomigliano d'arco","G812"
"pompei","G813"
"pompeiana","G814"
"pompiano","G815"
"pomponesco","G816"
"pompu","G817"
"poncarale","G818"
"ponderano","G820"
"ponna","G821"
"ponsacco","G822"
"ponso","G823"
"pont canavese","G826"
"pont-saint-martin","G854"
"pontassieve","G825"
"pontboset","G545"
"ponte","G827"
"ponte buggianese","G833"
"ponte gardena","G830"
"ponte lambro","G847"
"ponte nizza","G851"
"ponte nossa","F941"
"ponte san nicolò","G855"
"ponte san pietro","G856"
"ponte dell'olio","G842"
"ponte di legno","G844"
"ponte di piave","G846"
"ponte in valtellina","G829"
"ponte nelle alpi","B662"
"pontebba","G831"
"pontecagnano faiano","G834"
"pontecchio polesine","G836"
"pontechianale","G837"
"pontecorvo","G838"
"pontecurone","G839"
"pontedassio","G840"
"pontedera","G843"
"pontelandolfo","G848"
"pontelatone","G849"
"pontelongo","G850"
"pontenure","G852"
"ponteranica","G853"
"pontestura","G858"
"pontevico","G859"
"pontey","G860"
"ponti","G861"
"ponti sul mincio","G862"
"pontida","G864"
"pontinia","G865"
"pontinvrea","G866"
"pontirolo nuovo","G867"
"pontoglio","G869"
"pontremoli","G870"
"ponza","G871"
"ponzano monferrato","G872"
"ponzano romano","G874"
"ponzano veneto","G875"
"ponzano di fermo","G873"
"ponzone","G877"
"popoli terme","G878"
"poppi","G879"
"porano","G881"
"porcari","G882"
"porcia","G886"
"pordenone","G888"
"porlezza","G889"
"pornassio","G890"
"porpetto","G891"
"portacomaro","G894"
"portalbera","G895"
"porte","G900"
"porte di rendena","M358"
"portici","G902"
"portico di caserta","G903"
"portico e san benedetto","G904"
"portigliola","G905"
"porto azzurro","E680"
"porto ceresio","G906"
"porto cesareo","M263"
"porto empedocle","F299"
"porto mantovano","G917"
"porto recanati","G919"
"porto san giorgio","G920"
"porto sant'elpidio","G921"
"porto tolle","G923"
"porto torres","G924"
"porto valtravaglia","G907"
"porto viro","G926"
"portobuffolè","G909"
"portocannone","G910"
"portoferraio","G912"
"portofino","G913"
"portogruaro","G914"
"portomaggiore","G916"
"portopalo di capo passero","M257"
"portoscuso","G922"
"portovenere","G925"
"portula","G927"
"posada","G929"
"posina","G931"
"positano","G932"
"possagno","G933"
"posta","G934"
"posta fibreno","G935"
"postal","G936"
"postalesio","G937"
"postiglione","G939"
"postua","G940"
"potenza","G942"
"potenza picena","F632"
"pove del grappa","G943"
"povegliano","G944"
"povegliano veronese","G945"
"poviglio","G947"
"povoletto","G949"
"pozzaglia sabina","G951"
"pozzaglio ed uniti","B914"
"pozzallo","G953"
"pozzilli","G954"
"pozzo d'adda","G955"
"pozzol groppo","G960"
"pozzolengo","G959"
"pozzoleone","G957"
"pozzolo formigaro","G961"
"pozzomaggiore","G962"
"pozzonovo","G963"
"pozzuoli","G964"
"pozzuolo martesana","G965"
"pozzuolo del friuli","G966"
"pradalunga","G968"
"pradamano","G969"
"pradleves","G970"
"pragelato","G973"
"praia a mare","G975"
"praiano","G976"
"pralboino","G977"
"prali","G978"
"pralormo","G979"
"pralungo","G980"
"pramaggiore","G981"
"pramollo","G982"
"prarolo","G985"
"prarostino","G986"
"prasco","G987"
"prascorsano","G988"
"prata camportaccio","G993"
"prata sannita","G991"
"prata d'ansidonia","G992"
"prata di pordenone","G994"
"prata di principato ultra","G990"
"pratella","G995"
"pratiglione","G997"
"prato","G999"
"prato carnico","H002"
"prato sesia","H001"
"prato allo stelvio","H004"
"pratola peligna","H007"
"pratola serra","H006"
"pratovecchio stia","M329"
"pravisdomini","H010"
"pray","G974"
"prazzo","H011"
"precenicco","H014"
"preci","H015"
"predaia","M344"
"predappio","H017"
"predazzo","H018"
"predoi","H019"
"predore","H020"
"predosa","H021"
"preganziol","H022"
"pregnana milanese","H026"
"prelà","H027"
"premana","H028"
"premariacco","H029"
"premeno","H030"
"premia","H033"
"premilcuore","H034"
"premolo","H036"
"premosello-chiovenda","H037"
"preone","H038"
"prepotto","H040"
"preseglie","H043"
"presenzano","H045"
"presezzo","H046"
"presicce-acquarica","M428"
"pressana","H048"
"pretoro","H052"
"prevalle","H055"
"prezza","H056"
"priero","H059"
"prignano cilento","H062"
"prignano sulla secchia","H061"
"primaluna","H063"
"primiero san martino di castrozza","M359"
"priocca","H068"
"priola","H069"
"priolo gargallo","M279"
"priverno","G698"
"prizzi","H070"
"proceno","H071"
"procida","H072"
"propata","H073"
"proserpio","H074"
"prossedi","H076"
"provaglio val sabbia","H077"
"provaglio d'iseo","H078"
"proves","H081"
"provvidenti","H083"
"prunetto","H085"
"pré-saint-didier","H042"
"puegnago del garda","H086"
"puglianello","H087"
"pula","H088"
"pulfero","H089"
"pulsano","H090"
"pumenengo","H091"
"pusiano","H094"
"putifigari","H095"
"putignano","H096"
"quadrelle","H097"
"quadri","H098"
"quagliuzzo","H100"
"qualiano","H101"
"quaranti","H102"
"quaregna cerreto","M414"
"quargnento","H104"
"quarna sopra","H106"
"quarna sotto","H107"
"quarona","H108"
"quarrata","H109"
"quart","H110"
"quarto","H114"
"quarto d'altino","H117"
"quartu sant'elena","H118"
"quartucciu","H119"
"quassolo","H120"
"quattordio","H121"
"quattro castella","H122"
"quiliano","H126"
"quincinetto","H127"
"quindici","H128"
"quingentole","H129"
"quintano","H130"
"quinto vercellese","H132"
"quinto vicentino","H134"
"quinto di treviso","H131"
"quinzano d'oglio","H140"
"quistello","H143"
"rabbi","H146"
"racale","H147"
"racalmuto","H148"
"racconigi","H150"
"raccuja","H151"
"racines","H152"
"radda in chianti","H153"
"raddusa","H154"
"radicofani","H156"
"radicondoli","H157"
"raffadali","H159"
"ragalna","M287"
"ragogna","H161"
"ragusa","H163"
"raiano","H166"
"ramacca","H168"
"rancio valcuvia","H173"
"ranco","H174"
"randazzo","H175"
"ranica","H176"
"ranzanico","H177"
"ranzo","H180"
"rapagnano","H182"
"rapallo","H183"
"rapino","H184"
"rapolano terme","H185"
"rapolla","H186"
"rapone","H187"
"rassa","H188"
"rasun-anterselva","H189"
"rasura","H192"
"ravanusa","H194"
"ravarino","H195"
"ravascletto","H196"
"ravello","H198"
"ravenna","H199"
"raveo","H200"
"raviscanina","H202"
"re","H203"
"rea","H204"
"realmonte","H205"
"reana del rojale","H206"
"reano","H207"
"recale","H210"
"recanati","H211"
"recco","H212"
"recetto","H213"
"recoaro terme","H214"
"redavalle","H216"
"redondesco","H218"
"refrancore","H219"
"refrontolo","H220"
"regalbuto","H221"
"reggello","H222"
"reggio di calabria","H224"
"reggio nell'emilia","H223"
"reggiolo","H225"
"reino","H227"
"reitano","H228"
"remanzacco","H229"
"remedello","H230"
"renate","H233"
"rende","H235"
"renon","H236"
"resana","H238"
"rescaldina","H240"
"resia","H242"
"resiutta","H244"
"resuttano","H245"
"retorbido","H246"
"revello","H247"
"revigliasco d'asti","H250"
"revine lago","H253"
"rezzago","H255"
"rezzato","H256"
"rezzo","H257"
"rezzoaglio","H258"
"rho","H264"
"rhêmes-notre-dame","H262"
"rhêmes-saint-georges","H263"
"riace","H265"
"rialto","H266"
"riano","H267"
"riardo","H268"
"ribera","H269"
"ribordone","H270"
"ricadi","H271"
"ricaldone","H272"
"riccia","H273"
"riccione","H274"
"riccò del golfo di spezia","H275"
"ricengo","H276"
"ricigliano","H277"
"riese pio x","H280"
"riesi","H281"
"rieti","H282"
"rifiano","H284"
"rifreddo","H285"
"rignano flaminio","H288"
"rignano garganico","H287"
"rignano sull'arno","H286"
"rigolato","H289"
"rimella","H293"
"rimini","H294"
"rio","M391"
"rio saliceto","H298"
"rio di pusteria","H299"
"riofreddo","H300"
"riola sardo","H301"
"riolo terme","H302"
"riolunato","H303"
"riomaggiore","H304"
"rionero sannitico","H308"
"rionero in vulture","H307"
"ripa teatina","H320"
"ripabottoni","H311"
"ripacandida","H312"
"ripalimosani","H313"
"ripalta arpina","H314"
"ripalta cremasca","H315"
"ripalta guerina","H316"
"riparbella","H319"
"ripatransone","H321"
"ripe san ginesio","H323"
"ripi","H324"
"riposto","H325"
"rittana","H326"
"riva ligure","H328"
"riva del garda","H330"
"riva del po","M410"
"riva di solto","H331"
"riva presso chieri","H337"
"rivalba","H333"
"rivalta bormida","H334"
"rivalta di torino","H335"
"rivamonte agordino","H327"
"rivanazzano terme","H336"
"rivara","H338"
"rivarolo canavese","H340"
"rivarolo mantovano","H342"
"rivarolo del re ed uniti","H341"
"rivarone","H343"
"rivarossa","H344"
"rive","H346"
"rive d'arcano","H347"
"rivello","H348"
"rivergaro","H350"
"rivignano teor","M317"
"rivisondoli","H353"
"rivodutri","H354"
"rivoli","H355"
"rivoli veronese","H356"
"rivolta d'adda","H357"
"rizziconi","H359"
"roana","H361"
"roaschia","H362"
"roascio","H363"
"roasio","H365"
"roatto","H366"
"robassomero","H367"
"robbiate","G223"
"robbio","H369"
"robecchetto con induno","H371"
"robecco pavese","H375"
"robecco d'oglio","H372"
"robecco sul naviglio","H373"
"robella","H376"
"robilante","H377"
"roburent","H378"
"rocca canavese","H386"
"rocca canterano","H387"
"rocca cigliè","H391"
"rocca grimalda","H414"
"rocca imperiale","H416"
"rocca massima","H421"
"rocca pia","H429"
"rocca pietore","H379"
"rocca priora","H432"
"rocca san casciano","H437"
"rocca san felice","H438"
"rocca san giovanni","H439"
"rocca santa maria","H440"
"rocca santo stefano","H441"
"rocca sinibalda","H446"
"rocca susella","H450"
"rocca d'arazzo","H392"
"rocca d'arce","H393"
"rocca d'evandro","H398"
"rocca de' baldi","H395"
"rocca de' giorgi","H396"
"rocca di botte","H399"
"rocca di cambio","H400"
"rocca di cave","H401"
"rocca di mezzo","H402"
"rocca di neto","H403"
"rocca di papa","H404"
"roccabascerana","H382"
"roccabernarda","H383"
"roccabianca","H384"
"roccabruna","H385"
"roccacasale","H389"
"roccadaspide","H394"
"roccafiorita","H405"
"roccafluvione","H390"
"roccaforte ligure","H406"
"roccaforte mondovì","H407"
"roccaforte del greco","H408"
"roccaforzata","H409"
"roccafranca","H410"
"roccagiovine","H411"
"roccagloriosa","H412"
"roccagorga","H413"
"roccalbegna","H417"
"roccalumera","H418"
"roccamandolfi","H420"
"roccamena","H422"
"roccamonfina","H423"
"roccamontepiano","H424"
"roccamorice","H425"
"roccanova","H426"
"roccantica","H427"
"roccapalumba","H428"
"roccapiemonte","H431"
"roccarainola","H433"
"roccaraso","H434"
"roccaromana","H436"
"roccascalegna","H442"
"roccasecca","H443"
"roccasecca dei volsci","H444"
"roccasicura","H445"
"roccasparvera","H447"
"roccaspinalveti","H448"
"roccastrada","H449"
"roccavaldina","H380"
"roccaverano","H451"
"roccavignale","H452"
"roccavione","H453"
"roccavivara","H454"
"roccella ionica","H456"
"roccella valdemone","H455"
"rocchetta belbo","H462"
"rocchetta ligure","H465"
"rocchetta nervina","H460"
"rocchetta palafea","H466"
"rocchetta sant'antonio","H467"
"rocchetta tanaro","H468"
"rocchetta a volturno","H458"
"rocchetta di vara","H461"
"rocchetta e croce","H459"
"rodano","H470"
"roddi","H472"
"roddino","H473"
"rodello","H474"
"rodengo","H475"
"rodengo saiano","H477"
"rodero","H478"
"rodi garganico","H480"
"rodigo","H481"
"rodì milici","H479"
"rofrano","H485"
"rogeno","H486"
"roggiano gravina","H488"
"roghudi","H489"
"rogliano","H490"
"rognano","H491"
"rogno","H492"
"rogolo","H493"
"roiate","H494"
"roio del sangro","H495"
"roisan","H497"
"roletto","H498"
"rolo","H500"
"roma","H501"
"romagnano sesia","H502"
"romagnano al monte","H503"
"romagnese","H505"
"romana","H507"
"romanengo","H508"
"romano canavese","H511"
"romano d'ezzelino","H512"
"romano di lombardia","H509"
"romans d'isonzo","H514"
"rombiolo","H516"
"romeno","H517"
"romentino","H518"
"rometta","H519"
"roncade","H523"
"roncadelle","H525"
"roncaro","H527"
"roncegno terme","H528"
"roncello","H529"
"ronchi valsugana","H532"
"ronchi dei legionari","H531"
"ronchis","H533"
"ronciglione","H534"
"ronco biellese","H538"
"ronco briantino","H537"
"ronco canavese","H539"
"ronco scrivia","H536"
"ronco all'adige","H540"
"roncobello","H535"
"roncoferraro","H541"
"roncofreddo","H542"
"roncola","H544"
"roncà","H522"
"rondanina","H546"
"rondissone","H547"
"ronsecco","H549"
"ronzo-chienis","M303"
"ronzone","H552"
"roppolo","H553"
"rorà","H554"
"rosarno","H558"
"rosasco","H559"
"rosate","H560"
"rosazza","H561"
"rosciano","H562"
"roscigno","H564"
"rose","H565"
"rosello","H566"
"roseto capo spulico","H572"
"roseto valfortore","H568"
"roseto degli abruzzi","F585"
"rosignano marittimo","H570"
"rosignano monferrato","H569"
"rosolina","H573"
"rosolini","H574"
"rosora","H575"
"rossa","H577"
"rossana","H578"
"rossano veneto","H580"
"rossiglione","H581"
"rosta","H583"
"rosà","H556"
"rota greca","H585"
"rota d'imagna","H584"
"rotella","H588"
"rotello","H589"
"rotonda","H590"
"rotondella","H591"
"rotondi","H592"
"rottofreno","H593"
"rotzo","H594"
"roure","H555"
"rovasenda","H364"
"rovato","H598"
"rovegno","H599"
"rovellasca","H601"
"rovello porro","H602"
"roverbella","H604"
"roverchiara","H606"
"roveredo di guà","H610"
"roveredo in piano","H609"
"rovereto","H612"
"roverè veronese","H608"
"roverè della luna","H607"
"rovescala","H614"
"rovetta","H615"
"roviano","H618"
"rovigo","H620"
"rovito","H621"
"rovolon","H622"
"rozzano","H623"
"roè volciano","H484"
"rubano","H625"
"rubiana","H627"
"rubiera","H628"
"ruda","H629"
"rudiano","H630"
"rueglio","H631"
"ruffano","H632"
"ruffia","H633"
"ruffrè-mendola","H634"
"rufina","H635"
"ruinas","F271"
"rumo","H639"
"ruoti","H641"
"russi","H642"
"rutigliano","H643"
"rutino","H644"
"ruviano","H165"
"ruvo del monte","H646"
"ruvo di puglia","H645"
"sabaudia","H647"
"sabbio chiese","H650"
"sabbioneta","H652"
"sacco","H654"
"saccolongo","H655"
"sacile","H657"
"sacrofano","H658"
"sadali","H659"
"sagama","H661"
"sagliano micca","H662"
"sagrado","H665"
"sagron mis","H666"
"saint-christophe","H669"
"saint-denis","H670"
"saint-marcel","H671"
"saint-nicolas","H672"
"saint-oyen","H673"
"saint-pierre","H674"
"saint-rhémy-en-bosses","H675"
"saint-vincent","H676"
"sala baganza","H682"
"sala biellese","H681"
"sala bolognese","H678"
"sala comacina","H679"
"sala consilina","H683"
"sala monferrato","H677"
"salandra","H687"
"salaparuta","H688"
"salara","H689"
"salasco","H690"
"salassa","H691"
"salbertrand","H684"
"salcedo","F810"
"salcito","H693"
"sale","H694"
"sale marasino","H699"
"sale san giovanni","H704"
"sale delle langhe","H695"
"salemi","H700"
"salento","H686"
"salerano canavese","H702"
"salerano sul lambro","H701"
"salerno","H703"
"salgareda","H706"
"sali vercellese","H707"
"salice salentino","H708"
"saliceto","H710"
"salisano","H713"
"salizzole","H714"
"salle","H715"
"salmour","H716"
"salorno sulla strada del vino","H719"
"salsomaggiore terme","H720"
"saltrio","H723"
"saludecio","H724"
"saluggia","H725"
"salussola","H726"
"saluzzo","H727"
"salve","H729"
"salvirola","H731"
"salvitelle","H732"
"salza irpina","H733"
"salza di pinerolo","H734"
"salzano","H735"
"salò","H717"
"samarate","H736"
"samassi","H738"
"samatzai","H739"
"sambuca pistoiese","H744"
"sambuca di sicilia","H743"
"sambuci","H745"
"sambuco","H746"
"sammichele di bari","H749"
"samo","H013"
"samolaco","H752"
"samone","H753"
"samone","H754"
"sampeyre","H755"
"samugheo","H756"
"san bartolomeo val cavargna","H760"
"san bartolomeo al mare","H763"
"san bartolomeo in galdo","H764"
"san basile","H765"
"san basilio","H766"
"san bassano","H767"
"san bellino","H768"
"san benedetto belbo","H770"
"san benedetto po","H771"
"san benedetto ullano","H774"
"san benedetto val di sambro","G566"
"san benedetto dei marsi","H772"
"san benedetto del tronto","H769"
"san benedetto in perillis","H773"
"san benigno canavese","H775"
"san bernardino verbano","H777"
"san biagio platani","H778"
"san biagio saracinisco","H779"
"san biagio della cima","H780"
"san biagio di callalta","H781"
"san biase","H782"
"san bonifacio","H783"
"san buono","H784"
"san calogero","H785"
"san candido","H786"
"san canzian d'isonzo","H787"
"san carlo canavese","H789"
"san casciano dei bagni","H790"
"san casciano in val di pesa","H791"
"san cassiano","M264"
"san cataldo","H792"
"san cesareo","M295"
"san cesario di lecce","H793"
"san cesario sul panaro","H794"
"san chirico nuovo","H795"
"san chirico raparo","H796"
"san cipirello","H797"
"san cipriano picentino","H800"
"san cipriano po","H799"
"san cipriano d'aversa","H798"
"san clemente","H801"
"san colombano belmonte","H804"
"san colombano certenoli","H802"
"san colombano al lambro","H803"
"san cono","H805"
"san cosmo albanese","H806"
"san costantino albanese","H808"
"san costantino calabro","H807"
"san costanzo","H809"
"san cristoforo","H810"
"san damiano macra","H812"
"san damiano al colle","H814"
"san damiano d'asti","H811"
"san daniele po","H815"
"san daniele del friuli","H816"
"san demetrio corone","H818"
"san demetrio ne' vestini","H819"
"san didero","H820"
"san donaci","H822"
"san donato milanese","H827"
"san donato val di comino","H824"
"san donato di lecce","H826"
"san donato di ninea","H825"
"san donà di piave","H823"
"san dorligo della valle","D324"
"san fele","H831"
"san felice circeo","H836"
"san felice a cancello","H834"
"san felice del benaco","H838"
"san felice del molise","H833"
"san felice sul panaro","H835"
"san ferdinando","M277"
"san ferdinando di puglia","H839"
"san fermo della battaglia","H840"
"san fili","H841"
"san filippo del mela","H842"
"san fior","H843"
"san fiorano","H844"
"san floriano del collio","H845"
"san floro","H846"
"san francesco al campo","H847"
"san fratello","H850"
"san gavino monreale","H856"
"san gemini","H857"
"san genesio atesino","H858"
"san genesio ed uniti","H859"
"san gennaro vesuviano","H860"
"san germano chisone","H862"
"san germano vercellese","H861"
"san gervasio bresciano","H865"
"san giacomo filippo","H868"
"san giacomo vercellese","B952"
"san giacomo degli schiavoni","H867"
"san giacomo delle segnate","H870"
"san gillio","H873"
"san gimignano","H875"
"san ginesio","H876"
"san giorgio albanese","H881"
"san giorgio bigarello","H883"
"san giorgio canavese","H890"
"san giorgio ionico","H882"
"san giorgio la molara","H898"
"san giorgio lucano","H888"
"san giorgio monferrato","H878"
"san giorgio morgeto","H889"
"san giorgio piacentino","H887"
"san giorgio scarampi","H899"
"san giorgio a cremano","H892"
"san giorgio a liri","H880"
"san giorgio del sannio","H894"
"san giorgio della richinvelda","H891"
"san giorgio delle pertiche","H893"
"san giorgio di lomellina","H885"
"san giorgio di nogaro","H895"
"san giorgio di piano","H896"
"san giorgio in bosco","H897"
"san giorgio su legnano","H884"
"san giorio di susa","H900"
"san giovanni bianco","H910"
"san giovanni gemini","H914"
"san giovanni ilarione","H916"
"san giovanni incarico","H917"
"san giovanni lipioni","H923"
"san giovanni lupatoto","H924"
"san giovanni rotondo","H926"
"san giovanni suergiu","G287"
"san giovanni teatino","D690"
"san giovanni valdarno","H901"
"san giovanni a piro","H907"
"san giovanni al natisone","H906"
"san giovanni del dosso","H912"
"san giovanni di fassa","M390"
"san giovanni di gerace","H903"
"san giovanni in croce","H918"
"san giovanni in fiore","H919"
"san giovanni in galdo","H920"
"san giovanni in marignano","H921"
"san giovanni in persiceto","G467"
"san giovanni la punta","H922"
"san giuliano milanese","H930"
"san giuliano terme","A562"
"san giuliano del sannio","H928"
"san giuliano di puglia","H929"
"san giuseppe jato","H933"
"san giuseppe vesuviano","H931"
"san giustino","H935"
"san giusto canavese","H936"
"san godenzo","H937"
"san gregorio magno","H943"
"san gregorio matese","H939"
"san gregorio d'ippona","H941"
"san gregorio da sassola","H942"
"san gregorio di catania","H940"
"san gregorio nelle alpi","H938"
"san lazzaro di savena","H945"
"san leo","H949"
"san leonardo","H951"
"san leonardo in passiria","H952"
"san leucio del sannio","H953"
"san lorenzello","H955"
"san lorenzo","H959"
"san lorenzo bellizzi","H961"
"san lorenzo dorsino","M345"
"san lorenzo isontino","H964"
"san lorenzo maggiore","H967"
"san lorenzo nuovo","H969"
"san lorenzo al mare","H957"
"san lorenzo del vallo","H962"
"san lorenzo di sebato","H956"
"san lorenzo in campo","H958"
"san luca","H970"
"san lucido","H971"
"san lupo","H973"
"san mango piemonte","H977"
"san mango d'aquino","H976"
"san mango sul calore","H975"
"san marcellino","H978"
"san marcello","H979"
"san marcello piteglio","M377"
"san marco argentano","H981"
"san marco evangelista","F043"
"san marco d'alunzio","H982"
"san marco dei cavoti","H984"
"san marco in lamis","H985"
"san marco la catola","H986"
"san martino alfieri","H987"
"san martino buon albergo","I003"
"san martino canavese","H997"
"san martino sannita","I002"
"san martino siccomario","I014"
"san martino valle caudina","I016"
"san martino al tagliamento","H999"
"san martino d'agri","H994"
"san martino dall'argine","I005"
"san martino del lago","I007"
"san martino di finita","H992"
"san martino di lupari","I008"
"san martino di venezze","H996"
"san martino in badia","H988"
"san martino in passiria","H989"
"san martino in pensilis","H990"
"san martino in rio","I011"
"san martino in strada","I012"
"san martino sulla marrucina","H991"
"san marzano oliveto","I017"
"san marzano di san giuseppe","I018"
"san marzano sul sarno","I019"
"san massimo","I023"
"san maurizio canavese","I024"
"san maurizio d'opaglio","I025"
"san mauro castelverde","I028"
"san mauro cilento","I031"
"san mauro forte","I029"
"san mauro marchesato","I026"
"san mauro pascoli","I027"
"san mauro torinese","I030"
"san mauro di saline","H712"
"san mauro la bruca","I032"
"san michele mondovì","I037"
"san michele salentino","I045"
"san michele al tagliamento","I040"
"san michele all'adige","I042"
"san michele di ganzaria","I035"
"san michele di serino","I034"
"san miniato","I046"
"san nazzaro","I049"
"san nazzaro sesia","I052"
"san nazzaro val cavargna","I051"
"san nicandro garganico","I054"
"san nicola arcella","I060"
"san nicola baronia","I061"
"san nicola manfredi","I062"
"san nicola da crissa","I058"
"san nicola dell'alto","I057"
"san nicola la strada","I056"
"san nicolò gerrei","G383"
"san nicolò d'arcidano","A368"
"san nicolò di comelico","I063"
"san pancrazio","I065"
"san pancrazio salentino","I066"
"san paolo","G407"
"san paolo albanese","B906"
"san paolo bel sito","I073"
"san paolo solbrito","I076"
"san paolo d'argon","B310"
"san paolo di civitate","I072"
"san paolo di jesi","I071"
"san pellegrino terme","I079"
"san pier niceto","I084"
"san pier d'isonzo","I082"
"san piero patti","I086"
"san pietro apostolo","I095"
"san pietro avellana","I096"
"san pietro clarenza","I098"
"san pietro infine","I113"
"san pietro mosezzo","I116"
"san pietro mussolino","I117"
"san pietro val lemina","I090"
"san pietro vernotico","I119"
"san pietro viminario","I120"
"san pietro a maida","I093"
"san pietro al natisone","I092"
"san pietro al tanagro","I089"
"san pietro di cadore","I088"
"san pietro di caridà","I102"
"san pietro di feletto","I103"
"san pietro di morubio","I105"
"san pietro in amantea","I108"
"san pietro in cariano","I109"
"san pietro in casale","I110"
"san pietro in cerro","G788"
"san pietro in gu","I107"
"san pietro in guarano","I114"
"san pietro in lama","I115"
"san pio delle camere","I121"
"san polo matese","I122"
"san polo d'enza","I123"
"san polo dei cavalieri","I125"
"san polo di piave","I124"
"san ponso","I126"
"san possidonio","I128"
"san potito sannitico","I130"
"san potito ultra","I129"
"san prisco","I131"
"san procopio","I132"
"san prospero","I133"
"san quirico d'orcia","I135"
"san quirino","I136"
"san raffaele cimena","I137"
"san roberto","I139"
"san rocco al porto","I140"
"san romano in garfagnana","I142"
"san rufo","I143"
"san salvatore monferrato","I144"
"san salvatore telesino","I145"
"san salvatore di fitalia","I147"
"san salvo","I148"
"san sebastiano curone","I150"
"san sebastiano al vesuvio","I151"
"san sebastiano da po","I152"
"san secondo parmense","I153"
"san secondo di pinerolo","I154"
"san severino lucano","I157"
"san severino marche","I156"
"san severo","I158"
"san siro","I162"
"san sossio baronia","I163"
"san sostene","I164"
"san sosti","I165"
"san sperate","I166"
"san stino di livenza","I373"
"san tammaro","I261"
"san teodoro","I328"
"san teodoro","I329"
"san tomaso agordino","I347"
"san valentino torio","I377"
"san valentino in abruzzo citeriore","I376"
"san venanzo","I381"
"san vendemiano","I382"
"san vero milis","I384"
"san vincenzo","I390"
"san vincenzo la costa","I388"
"san vincenzo valle roveto","I389"
"san vitaliano","I391"
"san vito","I402"
"san vito chietino","I394"
"san vito lo capo","I407"
"san vito romano","I400"
"san vito al tagliamento","I403"
"san vito al torre","I404"
"san vito dei normanni","I396"
"san vito di cadore","I392"
"san vito di fagagna","I405"
"san vito di leguzzano","I401"
"san vito sullo ionio","I393"
"san vittore olona","I409"
"san vittore del lazio","I408"
"san zeno naviglio","I412"
"san zeno di montagna","I414"
"san zenone al lambro","I415"
"san zenone al po","I416"
"san zenone degli ezzelini","I417"
"sanarica","H757"
"sandigliano","H821"
"sandrigo","H829"
"sanfront","H852"
"sanfrè","H851"
"sangano","H855"
"sangiano","H872"
"sangineto","H877"
"sanguinetto","H944"
"sanluri","H974"
"sannazzaro de' burgondi","I048"
"sannicandro di bari","I053"
"sannicola","I059"
"sanremo","I138"
"sansepolcro","I155"
"sant'agapito","I189"
"sant'agata bolognese","I191"
"sant'agata feltria","I201"
"sant'agata fossili","I190"
"sant'agata de' goti","I197"
"sant'agata del bianco","I198"
"sant'agata di esaro","I192"
"sant'agata di militello","I199"
"sant'agata di puglia","I193"
"sant'agata li battiati","I202"
"sant'agata sul santerno","I196"
"sant'agnello","I208"
"sant'albano stura","I210"
"sant'alessio siculo","I215"
"sant'alessio con vialone","I213"
"sant'alessio in aspromonte","I214"
"sant'alfio","I216"
"sant'ambrogio di torino","I258"
"sant'ambrogio di valpolicella","I259"
"sant'ambrogio sul garigliano","I256"
"sant'anastasia","I262"
"sant'anatolia di narco","I263"
"sant'andrea apostolo dello ionio","I266"
"sant'andrea frius","I271"
"sant'andrea del garigliano","I265"
"sant'andrea di conza","I264"
"sant'angelo le fratte","I288"
"sant'angelo limosano","I289"
"sant'angelo lodigiano","I274"
"sant'angelo lomellina","I276"
"sant'angelo muxaro","I290"
"sant'angelo romano","I284"
"sant'angelo a cupolo","I277"
"sant'angelo a fasanella","I278"
"sant'angelo a scala","I280"
"sant'angelo all'esca","I279"
"sant'angelo d'alife","I273"
"sant'angelo dei lombardi","I281"
"sant'angelo del pesco","I282"
"sant'angelo di brolo","I283"
"sant'angelo di piove di sacco","I275"
"sant'angelo in pontano","I286"
"sant'angelo in vado","I287"
"sant'anna arresi","M209"
"sant'anna d'alfaedo","I292"
"sant'antimo","I293"
"sant'antioco","I294"
"sant'antonino di susa","I296"
"sant'antonio abate","I300"
"sant'antonio di gallura","M276"
"sant'apollinare","I302"
"sant'arcangelo","I305"
"sant'arcangelo trimonte","F557"
"sant'arpino","I306"
"sant'arsenio","I307"
"sant'egidio alla vibrata","I318"
"sant'egidio del monte albino","I317"
"sant'elena","I319"
"sant'elena sannita","B466"
"sant'elia fiumerapido","I321"
"sant'elia a pianisi","I320"
"sant'elpidio a mare","I324"
"sant'eufemia a maiella","I332"
"sant'eufemia d'aspromonte","I333"
"sant'eusanio forconese","I336"
"sant'eusanio del sangro","I335"
"sant'ilario d'enza","I342"
"sant'ilario dello ionio","I341"
"sant'ippolito","I344"
"sant'olcese","I346"
"sant'omero","I348"
"sant'omobono terme","M333"
"sant'onofrio","I350"
"sant'oreste","I352"
"sant'orsola terme","I354"
"sant'urbano","I375"
"santa brigida","I168"
"santa caterina albanese","I171"
"santa caterina villarmosa","I169"
"santa caterina d'este","M438"
"santa caterina dello ionio","I170"
"santa cesarea terme","I172"
"santa cristina gela","I174"
"santa cristina valgardena","I173"
"santa cristina d'aspromonte","I176"
"santa cristina e bissone","I175"
"santa croce camerina","I178"
"santa croce del sannio","I179"
"santa croce di magliano","I181"
"santa croce sull'arno","I177"
"santa domenica talao","I183"
"santa domenica vittoria","I184"
"santa elisabetta","I185"
"santa fiora","I187"
"santa flavia","I188"
"santa giuletta","I203"
"santa giusta","I205"
"santa giustina","I206"
"santa giustina in colle","I207"
"santa luce","I217"
"santa lucia del mela","I220"
"santa lucia di piave","I221"
"santa lucia di serino","I219"
"santa margherita ligure","I225"
"santa margherita di belice","I224"
"santa margherita di staffora","I230"
"santa maria capua vetere","I234"
"santa maria coghinas","M284"
"santa maria hoè","I243"
"santa maria imbaro","I244"
"santa maria maggiore","I249"
"santa maria nuova","I251"
"santa maria a monte","I232"
"santa maria a vico","I233"
"santa maria del cedro","C717"
"santa maria del molise","I238"
"santa maria della versa","I237"
"santa maria di licodia","I240"
"santa maria di sala","I242"
"santa maria la carità","M273"
"santa maria la fossa","I247"
"santa maria la longa","I248"
"santa marina","I253"
"santa marina salina","I254"
"santa marinella","I255"
"santa ninfa","I291"
"santa paolina","I301"
"santa severina","I308"
"santa sofia","I310"
"santa sofia d'epiro","I309"
"santa teresa gallura","I312"
"santa teresa di riva","I311"
"santa venerina","I314"
"santa vittoria d'alba","I316"
"santa vittoria in matenano","I315"
"santadi","I182"
"santarcangelo di romagna","I304"
"sante marie","I326"
"santena","I327"
"santeramo in colle","I330"
"santhià","I337"
"santi cosma e damiano","I339"
"santo stefano belbo","I367"
"santo stefano lodigiano","I362"
"santo stefano quisquina","I356"
"santo stefano roero","I372"
"santo stefano ticino","I361"
"santo stefano al mare","I365"
"santo stefano d'aveto","I368"
"santo stefano del sole","I357"
"santo stefano di cadore","C919"
"santo stefano di camastra","I370"
"santo stefano di magra","I363"
"santo stefano di rogliano","I359"
"santo stefano di sessanio","I360"
"santo stefano in aspromonte","I371"
"santomenna","I260"
"santopadre","I351"
"santorso","I353"
"santu lussurgiu","I374"
"sanza","I410"
"sanzeno","I411"
"saonara","I418"
"saponara","I420"
"sappada","I421"
"sapri","I422"
"saracena","I423"
"saracinesco","I424"
"sarcedo","I425"
"sarconi","I426"
"sardara","I428"
"sardigliano","I429"
"sarego","I430"
"sarentino","I431"
"sarezzano","I432"
"sarezzo","I433"
"sarmato","I434"
"sarmede","I435"
"sarnano","I436"
"sarnico","I437"
"sarno","I438"
"sarnonico","I439"
"saronno","I441"
"sarre","I442"
"sarroch","I443"
"sarsina","I444"
"sarteano","I445"
"sartirana lomellina","I447"
"sarule","I448"
"sarzana","I449"
"sassano","I451"
"sassari","I452"
"sassello","I453"
"sassetta","I454"
"sassinoro","I455"
"sasso marconi","G972"
"sasso di castalda","I457"
"sassocorvaro auditore","M413"
"sassofeltrio","I460"
"sassoferrato","I461"
"sassuolo","I462"
"satriano","I463"
"satriano di lucania","G614"
"sauris","I464"
"sauze d'oulx","I466"
"sauze di cesana","I465"
"sava","I467"
"savelli","I468"
"saviano","I469"
"savigliano","I470"
"savignano irpino","I471"
"savignano sul panaro","I473"
"savignano sul rubicone","I472"
"savignone","I475"
"saviore dell'adamello","I476"
"savoca","I477"
"savogna","I478"
"savogna d'isonzo","I479"
"savoia di lucania","H730"
"savona","I480"
"scafa","I482"
"scafati","I483"
"scagnello","I484"
"scala","I486"
"scala coeli","I485"
"scaldasole","I487"
"scalea","I489"
"scalenghe","I490"
"scaletta zanclea","I492"
"scampitella","I493"
"scandale","I494"
"scandiano","I496"
"scandicci","B962"
"scandolara ravara","I497"
"scandolara ripa d'oglio","I498"
"scandriglia","I499"
"scanno","I501"
"scano di montiferro","I503"
"scansano","I504"
"scanzano jonico","M256"
"scanzorosciate","I506"
"scapoli","I507"
"scarlino","I510"
"scarmagno","I511"
"scarnafigi","I512"
"scarperia e san piero","M326"
"scena","I519"
"scerni","I520"
"scheggia e pascelupo","I522"
"scheggino","I523"
"schiavi di abruzzo","I526"
"schiavon","I527"
"schignano","I529"
"schilpario","I530"
"schio","I531"
"schivenoglia","I532"
"sciacca","I533"
"sciara","I534"
"scicli","I535"
"scido","I536"
"scigliano","D290"
"scilla","I537"
"scillato","I538"
"sciolze","I539"
"scisciano","I540"
"sclafani bagni","I541"
"scontrone","I543"
"scopa","I544"
"scopello","I545"
"scoppito","I546"
"scordia","I548"
"scorrano","I549"
"scorzè","I551"
"scurcola marsicana","I553"
"scurelle","I554"
"scurzolengo","I555"
"seborga","I556"
"secinaro","I558"
"seclì","I559"
"secugnago","I561"
"sedegliano","I562"
"sedico","I563"
"sedilo","I564"
"sedini","I565"
"sedriano","I566"
"sedrina","I567"
"sefro","I569"
"segariu","I570"
"seggiano","I571"
"segni","I573"
"segonzano","I576"
"segrate","I577"
"segusino","I578"
"selargius","I580"
"selci","I581"
"selegas","I582"
"sella giudicarie","M360"
"sellano","I585"
"sellero","I588"
"sellia","I589"
"sellia marina","I590"
"selva dei molini","I593"
"selva di cadore","I592"
"selva di progno","I594"
"selva di val gardena","I591"
"selvazzano dentro","I595"
"selvino","I597"
"semestene","I598"
"semiana","I599"
"seminara","I600"
"semproniano","I601"
"senago","I602"
"senale-san felice","I603"
"senales","I604"
"seneghe","I605"
"senerchia","I606"
"seniga","I607"
"senigallia","I608"
"senis","I609"
"senise","I610"
"senna comasco","I611"
"senna lodigiana","I612"
"sennariolo","I613"
"sennori","I614"
"senorbì","I615"
"sepino","I618"
"sequals","I621"
"seravezza","I622"
"serdiana","I624"
"seregno","I625"
"seren del grappa","I626"
"sergnano","I627"
"seriate","I628"
"serina","I629"
"serino","I630"
"serle","I631"
"sermide e felonica","I632"
"sermoneta","I634"
"sernaglia della battaglia","I635"
"sernio","I636"
"serole","I637"
"serra riccò","I640"
"serra san bruno","I639"
"serra san quirico","I653"
"serra sant'abbondio","I654"
"serra d'aiello","I642"
"serra de' conti","I643"
"serracapriola","I641"
"serradifalco","I644"
"serralunga d'alba","I646"
"serralunga di crea","I645"
"serramanna","I647"
"serramazzoni","F357"
"serramezzana","I648"
"serramonacesca","I649"
"serrapetrona","I651"
"serrara fontana","I652"
"serrastretta","I655"
"serrata","I656"
"serravalle langhe","I659"
"serravalle pistoiese","I660"
"serravalle scrivia","I657"
"serravalle sesia","I663"
"serravalle a po","I662"
"serravalle di chienti","I661"
"serre","I666"
"serrenti","I667"
"serri","I668"
"serrone","I669"
"sersale","I671"
"servigliano","C070"
"sessa aurunca","I676"
"sessa cilento","I677"
"sessame","I678"
"sessano del molise","I679"
"sesta godano","E070"
"sestino","I681"
"sesto","I687"
"sesto calende","I688"
"sesto campano","I682"
"sesto fiorentino","I684"
"sesto san giovanni","I690"
"sesto al reghena","I686"
"sesto ed uniti","I683"
"sestola","I689"
"sestri levante","I693"
"sestriere","I692"
"sestu","I695"
"settala","I696"
"settefrati","I697"
"setteville","M437"
"settime","I698"
"settimo milanese","I700"
"settimo rottaro","I701"
"settimo san pietro","I699"
"settimo torinese","I703"
"settimo vittone","I702"
"settingiano","I704"
"setzu","I705"
"seui","I706"
"seulo","I707"
"seveso","I709"
"sezzadio","I711"
"sezze","I712"
"sfruz","I714"
"sgonico","I715"
"sgurgola","I716"
"siamaggiore","I717"
"siamanna","I718"
"siano","I720"
"siapiccia","I721"
"sicignano degli alburni","M253"
"siculiana","I723"
"siddi","I724"
"siderno","I725"
"siena","I726"
"sigillo","I727"
"signa","I728"
"silandro","I729"
"silanus","I730"
"silea","F116"
"siligo","I732"
"siliqua","I734"
"silius","I735"
"sillano giuncugnano","M347"
"sillavengo","I736"
"silvano pietra","I739"
"silvano d'orba","I738"
"silvi","I741"
"simala","I742"
"simaxis","I743"
"simbario","I744"
"simeri crichi","I745"
"sinagra","I747"
"sinalunga","A468"
"sindia","I748"
"sini","I749"
"sinio","I750"
"siniscola","I751"
"sinnai","I752"
"sinopoli","I753"
"siracusa","I754"
"sirignano","I756"
"siris","I757"
"sirmione","I633"
"sirolo","I758"
"sirone","I759"
"sirtori","I761"
"sissa trecasali","M325"
"siurgus donigala","I765"
"siziano","E265"
"sizzano","I767"
"sluderno","I771"
"smerillo","I774"
"soave","I775"
"socchieve","I777"
"soddì","I778"
"sogliano cavour","I780"
"sogliano al rubicone","I779"
"soglio","I781"
"soiano del lago","I782"
"solagna","I783"
"solarino","I785"
"solaro","I786"
"solarolo","I787"
"solarolo rainerio","I790"
"solarussa","I791"
"solbiate arno","I793"
"solbiate olona","I794"
"solbiate con cagno","M412"
"soldano","I796"
"soleminis","I797"
"solero","I798"
"solesino","I799"
"soleto","I800"
"solferino","I801"
"soliera","I802"
"solignano","I803"
"solofra","I805"
"solonghello","I808"
"solopaca","I809"
"solto collina","I812"
"solza","I813"
"somaglia","I815"
"somano","I817"
"somma lombardo","I819"
"somma vesuviana","I820"
"sommacampagna","I821"
"sommariva perno","I823"
"sommariva del bosco","I822"
"sommatino","I824"
"sommo","I825"
"sona","I826"
"soncino","I827"
"sondalo","I828"
"sondrio","I829"
"songavazzo","I830"
"sonico","I831"
"sonnino","I832"
"sora","I838"
"soraga di fassa","I839"
"soragna","I840"
"sorano","I841"
"sorbo san basile","I844"
"sorbo serpico","I843"
"sorbolo mezzani","M411"
"sordevolo","I847"
"sordio","I848"
"soresina","I849"
"sorgono","I851"
"sorgà","I850"
"sori","I852"
"sorianello","I853"
"soriano calabro","I854"
"soriano nel cimino","I855"
"sorico","I856"
"soriso","I857"
"sorisole","I858"
"sormano","I860"
"sorradile","I861"
"sorrento","I862"
"sorso","I863"
"sortino","I864"
"sospiro","I865"
"sospirolo","I866"
"sossano","I867"
"sostegno","I868"
"sotto il monte giovanni xxiii","I869"
"sover","I871"
"soverato","I872"
"sovere","I873"
"soveria mannelli","I874"
"soveria simeri","I875"
"soverzene","I876"
"sovicille","I877"
"sovico","I878"
"sovizzo","M436"
"sovramonte","I673"
"sozzago","I880"
"spadafora","I881"
"spadola","I884"
"sparanise","I885"
"sparone","I886"
"specchia","I887"
"spello","I888"
"sperlinga","I891"
"sperlonga","I892"
"sperone","I893"
"spessa","I894"
"spezzano albanese","I895"
"spezzano della sila","I896"
"spiazzo","I899"
"spigno monferrato","I901"
"spigno saturnia","I902"
"spilamberto","I903"
"spilimbergo","I904"
"spilinga","I905"
"spinadesco","I906"
"spinazzola","I907"
"spinea","I908"
"spineda","I909"
"spinete","I910"
"spineto scrivia","I911"
"spinetoli","I912"
"spino d'adda","I914"
"spinone al lago","I916"
"spinoso","I917"
"spirano","I919"
"spoleto","I921"
"spoltore","I922"
"spongano","I923"
"spormaggiore","I924"
"sporminore","I925"
"spotorno","I926"
"spresiano","I927"
"spriana","I928"
"squillace","I929"
"squinzano","I930"
"staffolo","I932"
"stagno lombardo","I935"
"staiti","I936"
"stalettì","I937"
"stanghella","I938"
"staranzano","I939"
"statte","M298"
"stazzano","I941"
"stazzema","I942"
"stazzona","I943"
"stefanaconi","I945"
"stella","I946"
"stella cilento","G887"
"stellanello","I947"
"stelvio","I948"
"stenico","I949"
"sternatia","I950"
"stezzano","I951"
"stienta","I953"
"stigliano","I954"
"stignano","I955"
"stilo","I956"
"stimigliano","I959"
"stintino","M290"
"stio","I960"
"stornara","I962"
"stornarella","I963"
"storo","I964"
"stra","I965"
"stradella","I968"
"strambinello","I969"
"strambino","I970"
"strangolagalli","I973"
"stregna","I974"
"strembo","I975"
"stresa","I976"
"strevi","I977"
"striano","I978"
"strona","I980"
"stroncone","I981"
"strongoli","I982"
"stroppiana","I984"
"stroppo","I985"
"strozza","I986"
"sturno","I990"
"suardi","B014"
"subbiano","I991"
"subiaco","I992"
"succivo","I993"
"sueglio","I994"
"suelli","I995"
"suello","I996"
"suisio","I997"
"sulbiate","I998"
"sulmona","I804"
"sulzano","L002"
"sumirago","L003"
"summonte","L004"
"suni","L006"
"suno","L007"
"supersano","L008"
"supino","L009"
"surano","L010"
"surbo","L011"
"susa","L013"
"susegana","L014"
"sustinente","L015"
"sutera","L016"
"sutri","L017"
"sutrio","L018"
"suvereto","L019"
"suzzara","L020"
"taceno","L022"
"tadasuni","L023"
"taggia","L024"
"tagliacozzo","L025"
"taglio di po","L026"
"tagliolo monferrato","L027"
"taibon agordino","L030"
"taino","L032"
"taipana","G736"
"talamello","L034"
"talamona","L035"
"talana","L036"
"taleggio","L037"
"talla","L038"
"talmassons","L039"
"tambre","L040"
"taormina","L042"
"tarano","L046"
"taranta peligna","L047"
"tarantasca","L048"
"taranto","L049"
"tarcento","L050"
"tarquinia","D024"
"tarsia","L055"
"tartano","L056"
"tarvisio","L057"
"tarzo","L058"
"tassarolo","L059"
"taurano","L061"
"taurasi","L062"
"taurianova","L063"
"taurisano","L064"
"tavagnacco","L065"
"tavagnasco","L066"
"tavazzano con villavesco","F260"
"tavenna","L069"
"taverna","L070"
"tavernerio","L071"
"tavernola bergamasca","L073"
"tavernole sul mella","C698"
"taviano","L074"
"tavigliano","L075"
"tavoleto","L078"
"tavullia","L081"
"teana","L082"
"teano","L083"
"teggiano","D292"
"teglio","L084"
"teglio veneto","L085"
"telese terme","L086"
"telgate","L087"
"telti","L088"
"telve","L089"
"telve di sopra","L090"
"tempio pausania","L093"
"temù","L094"
"tenna","L096"
"tenno","L097"
"teolo","L100"
"teora","L102"
"teramo","L103"
"terdobbiate","L104"
"terelle","L105"
"terento","L106"
"terenzo","E548"
"tergu","M282"
"terlano","L108"
"terlizzi","L109"
"terme vigliatore","M210"
"termeno sulla strada del vino","L111"
"termini imerese","L112"
"termoli","L113"
"ternate","L115"
"ternengo","L116"
"terni","L117"
"terno d'isola","L118"
"terracina","L120"
"terragnolo","L121"
"terralba","L122"
"terranova sappo minulio","L127"
"terranova da sibari","L124"
"terranova dei passerini","L125"
"terranova di pollino","L126"
"terranuova bracciolini","L123"
"terrasini","L131"
"terrassa padovana","L132"
"terravecchia","L134"
"terrazzo","L136"
"terre roveresche","M379"
"terre d'adige","M407"
"terre del reno","M381"
"terricciola","L138"
"terruggia","L139"
"tertenia","L140"
"terzigno","L142"
"terzo","L143"
"terzo d'aquileia","L144"
"terzolas","L145"
"terzorio","L146"
"tesero","L147"
"tesimo","L149"
"tessennano","L150"
"testico","L152"
"teti","L153"
"teulada","L154"
"teverola","L155"
"tezze sul brenta","L156"
"thiene","L157"
"thiesi","L158"
"tiana","L160"
"ticengo","L164"
"ticineto","L165"
"tiggiano","L166"
"tiglieto","L167"
"tigliole","L168"
"tignale","L169"
"tinnura","L172"
"tione degli abruzzi","L173"
"tione di trento","L174"
"tirano","L175"
"tires","L176"
"tiriolo","L177"
"tirolo","L178"
"tissi","L180"
"tito","L181"
"tivoli","L182"
"tizzano val parma","L183"
"toano","L184"
"tocco caudio","L185"
"tocco da casauria","L186"
"toceno","L187"
"todi","L188"
"toffia","L189"
"toirano","L190"
"tolentino","L191"
"tolfa","L192"
"tollegno","L193"
"tollo","L194"
"tolmezzo","L195"
"tolve","L197"
"tombolo","L199"
"ton","L200"
"tonara","L202"
"tonco","L203"
"tonezza del cimone","D717"
"tora e piccilli","L205"
"torano castello","L206"
"torano nuovo","L207"
"torbole casaglia","L210"
"torcegno","L211"
"torchiara","L212"
"torchiarolo","L213"
"torella dei lombardi","L214"
"torella del sannio","L215"
"torgiano","L216"
"torgnon","L217"
"torino","L219"
"torino di sangro","L218"
"toritto","L220"
"torlino vimercati","L221"
"tornaco","L223"
"tornareccio","L224"
"tornata","L225"
"tornimparte","L227"
"torno","L228"
"tornolo","L229"
"toro","L230"
"torpè","L231"
"torraca","L233"
"torralba","L235"
"torrazza coste","L237"
"torrazza piemonte","L238"
"torrazzo","L239"
"torre annunziata","L245"
"torre beretti e castellaro","L250"
"torre boldone","L251"
"torre bormida","L252"
"torre cajetani","L243"
"torre canavese","L247"
"torre le nocelle","L272"
"torre mondovì","L241"
"torre orsaia","L274"
"torre pallavicina","L276"
"torre pellice","L277"
"torre san giorgio","L278"
"torre san patrizio","L279"
"torre santa susanna","L280"
"torre d'arese","L256"
"torre d'isola","L269"
"torre de' busi","L257"
"torre de' negri","L262"
"torre de' passeri","L263"
"torre de' picenardi","L258"
"torre de' roveri","L265"
"torre del greco","L259"
"torre di mosto","L267"
"torre di ruggiero","L240"
"torre di santa maria","L244"
"torreano","L246"
"torrebelvicino","L248"
"torrebruna","L253"
"torrecuso","L254"
"torreglia","L270"
"torregrotta","L271"
"torremaggiore","L273"
"torrenova","M286"
"torresina","L281"
"torretta","L282"
"torrevecchia pia","L285"
"torrevecchia teatina","L284"
"torri del benaco","L287"
"torri di quartesolo","L297"
"torri in sabina","L286"
"torrice","L290"
"torricella","L294"
"torricella peligna","L291"
"torricella sicura","L295"
"torricella verzate","L292"
"torricella del pizzo","L296"
"torricella in sabina","L293"
"torriglia","L298"
"torrile","L299"
"torrioni","L301"
"torrita tiberina","L302"
"torrita di siena","L303"
"tortolì","A355"
"tortona","L304"
"tortora","L305"
"tortorella","L306"
"tortoreto","L307"
"tortorici","L308"
"torviscosa","L309"
"toscolano-maderno","L312"
"tossicia","L314"
"tovo san giacomo","L315"
"tovo di sant'agata","L316"
"trabia","L317"
"tradate","L319"
"tramatza","L321"
"trambileno","L322"
"tramonti","L323"
"tramonti di sopra","L324"
"tramonti di sotto","L325"
"tramutola","L326"
"trana","L327"
"trani","L328"
"traona","L330"
"trapani","L331"
"trappeto","L332"
"trarego viggiona","L333"
"trasacco","L334"
"trasaghis","L335"
"trasquera","L336"
"tratalias","L337"
"travacò siccomario","I236"
"travagliato","L339"
"travedona-monate","L342"
"traversella","L345"
"traversetolo","L346"
"traves","L340"
"travesio","L347"
"travo","L348"
"tre ville","M361"
"trebaseleghe","L349"
"trebisacce","L353"
"trecase","M280"
"trecastagni","L355"
"trecastelli","M318"
"trecate","L356"
"trecchina","L357"
"trecenta","L359"
"tredozio","L361"
"treglio","L363"
"tregnago","L364"
"treia","L366"
"treiso","L367"
"tremestieri etneo","L369"
"tremezzina","M341"
"tremosine sul garda","L372"
"trentinara","L377"
"trento","L378"
"trentola ducenta","L379"
"trenzano","L380"
"treppo grande","L382"
"treppo ligosullo","M399"
"trepuzzi","L383"
"trequanda","L384"
"tresana","L386"
"trescore balneario","L388"
"trescore cremasco","L389"
"tresignana","M409"
"tresivio","L392"
"tresnuraghes","L393"
"trevenzuolo","L396"
"trevi","L397"
"trevi nel lazio","L398"
"trevico","L399"
"treviglio","L400"
"trevignano","L402"
"trevignano romano","L401"
"treville","L403"
"treviolo","L404"
"treviso","L407"
"treviso bresciano","L406"
"trezzano rosa","L408"
"trezzano sul naviglio","L409"
"trezzo tinella","L410"
"trezzo sull'adda","L411"
"trezzone","L413"
"tribano","L414"
"tribiano","L415"
"tribogna","L416"
"tricarico","L418"
"tricase","L419"
"tricerro","L420"
"tricesimo","L421"
"triei","L423"
"trieste","L424"
"triggiano","L425"
"trigolo","L426"
"trinitapoli","B915"
"trinità","L427"
"trinità d'agultu e vignola","L428"
"trino","L429"
"triora","L430"
"tripi","L431"
"trisobbio","L432"
"trissino","L433"
"triuggio","L434"
"trivento","L435"
"trivigliano","L437"
"trivignano udinese","L438"
"trivigno","L439"
"trivolzio","L440"
"trodena nel parco naturale","L444"
"trofarello","L445"
"troia","L447"
"troina","L448"
"tromello","L449"
"trontano","L450"
"tronzano lago maggiore","A705"
"tronzano vercellese","L451"
"tropea","L452"
"trovo","L453"
"truccazzano","L454"
"tubre","L455"
"tufara","L458"
"tufillo","L459"
"tufino","L460"
"tufo","L461"
"tuglie","L462"
"tuili","L463"
"tula","L464"
"tuoro sul trasimeno","L466"
"turania","G507"
"turano lodigiano","L469"
"turate","L470"
"turbigo","L471"
"turi","L472"
"turri","L473"
"turriaco","L474"
"turrivalignani","L475"
"tursi","L477"
"tusa","L478"
"tuscania","L310"
"ubiale clanezzo","C789"
"uboldo","L480"
"ucria","L482"
"udine","L483"
"ugento","L484"
"uggiano la chiesa","L485"
"uggiate con ronago","M435"
"ulassai","L489"
"ultimo","L490"
"ulà tirso","L488"
"umbertide","D786"
"umbriatico","L492"
"urago d'oglio","L494"
"uras","L496"
"urbana","L497"
"urbania","L498"
"urbe","L499"
"urbino","L500"
"urbisaglia","L501"
"urgnano","L502"
"uri","L503"
"ururi","L505"
"urzulei","L506"
"uscio","L507"
"usellus","L508"
"usini","L509"
"usmate velate","L511"
"ussana","L512"
"ussaramanna","L513"
"ussassai","L514"
"usseaux","L515"
"usseglio","L516"
"ussita","L517"
"ustica","L519"
"uta","L521"
"uzzano","L522"
"vaccarizzo albanese","L524"
"vacone","L525"
"vacri","L526"
"vadena","L527"
"vado ligure","L528"
"vagli sotto","L533"
"vaglia","L529"
"vaglio basilicata","L532"
"vaglio serra","L531"
"vaiano","L537"
"vaiano cremasco","L535"
"vaie","L538"
"vailate","L539"
"vairano patenora","L540"
"vajont","M265"
"val brembilla","M334"
"val liona","M384"
"val masino","L638"
"val rezzo","H259"
"val della torre","L555"
"val di chy","M405"
"val di nizza","L562"
"val di vizze","L564"
"val di zoldo","M374"
"valbondione","L544"
"valbrembo","L545"
"valbrenta","M423"
"valbrevenna","L546"
"valbrona","L547"
"valchiusa","M415"
"valdagno","L551"
"valdaone","M343"
"valdaora","L552"
"valdastico","L554"
"valdengo","L556"
"valderice","G319"
"valdidentro","L557"
"valdieri","L558"
"valdilana","M417"
"valdina","L561"
"valdisotto","L563"
"valdobbiadene","L565"
"valduggia","L566"
"valeggio","L568"
"valeggio sul mincio","L567"
"valentano","L569"
"valenza","L570"
"valenzano","L571"
"valera fratta","L572"
"valfabbrica","L573"
"valfenera","L574"
"valfloriana","L575"
"valfornace","M382"
"valfurva","L576"
"valganna","L577"
"valgioie","L578"
"valgoglio","L579"
"valgrana","L580"
"valgreghentino","L581"
"valgrisenche","L582"
"valguarnera caropepe","L583"
"vallada agordina","L584"
"vallanzengo","L586"
"vallarsa","L588"
"vallata","L589"
"valle agricola","L594"
"valle aurina","L595"
"valle cannobina","M404"
"valle castellana","L597"
"valle lomellina","L593"
"valle salimbene","L617"
"valle san nicolao","L620"
"valle dell'angelo","G540"
"valle di cadore","L590"
"valle di casies","L601"
"valle di maddaloni","L591"
"vallebona","L596"
"vallecorsa","L598"
"vallecrosia","L599"
"valledolmo","L603"
"valledoria","L604"
"vallefiorita","I322"
"vallefoglia","M331"
"vallelaghi","M362"
"vallelonga","L607"
"vallelunga pratameno","L609"
"vallemaio","L605"
"vallepietra","L611"
"vallerano","L612"
"vallermosa","L613"
"vallerotonda","L614"
"vallesaccarda","L616"
"valleve","L623"
"valli del pasubio","L624"
"vallinfreda","L625"
"vallio terme","L626"
"vallo torinese","L629"
"vallo della lucania","L628"
"vallo di nera","L627"
"valloriate","L631"
"valmacca","L633"
"valmadrera","L634"
"valmontone","L639"
"valmorea","L640"
"valmozzola","L641"
"valnegra","L642"
"valpelline","L643"
"valperga","L644"
"valprato soana","B510"
"valsamoggia","M320"
"valsavarenche","L647"
"valsinni","D513"
"valsolda","C936"
"valstrona","L651"
"valtopina","L653"
"valtorta","L655"
"valtournenche","L654"
"valva","L656"
"valvarrone","M395"
"valvasone arzene","M346"
"valverde","L658"
"valvestino","L468"
"vandoies","L660"
"vanzaghello","L664"
"vanzago","L665"
"vanzone con san carlo","L666"
"vaprio d'adda","L667"
"vaprio d'agogna","L668"
"varallo","L669"
"varallo pombia","L670"
"varano borghi","L671"
"varano de' melegari","L672"
"varapodio","L673"
"varazze","L675"
"varco sabino","L676"
"varedo","L677"
"varenna","L680"
"varese","L682"
"varese ligure","L681"
"varisella","L685"
"varmo","L686"
"varna","L687"
"varsi","L689"
"varzi","L690"
"varzo","L691"
"vasanello","A701"
"vasia","L693"
"vasto","E372"
"vastogirardi","L696"
"vauda canavese","L698"
"vazzano","L699"
"vazzola","L700"
"vecchiano","L702"
"vedano olona","L703"
"vedano al lambro","L704"
"vedelago","L706"
"vedeseta","L707"
"veduggio con colzano","L709"
"veggiano","L710"
"veglie","L711"
"veglio","L712"
"vejano","L713"
"veleso","L715"
"velezzo lomellina","L716"
"velletri","L719"
"vellezzo bellini","L720"
"velo veronese","L722"
"velo d'astico","L723"
"velturno","L724"
"venafro","L725"
"venaria reale","L727"
"venarotta","L728"
"venasca","L729"
"venaus","L726"
"vendone","L730"
"venegono inferiore","L733"
"venegono superiore","L734"
"venetico","L735"
"venezia","L736"
"veniano","L737"
"venosa","L738"
"ventasso","M364"
"venticano","L739"
"ventimiglia","L741"
"ventimiglia di sicilia","L740"
"ventotene","L742"
"venzone","L743"
"verano","L745"
"verano brianza","L744"
"verbania","L746"
"verbicaro","L747"
"vercana","L748"
"verceia","L749"
"vercelli","L750"
"vercurago","L751"
"verdellino","L752"
"verdello","L753"
"verderio","M337"
"verduno","L758"
"vergato","L762"
"verghereto","L764"
"vergiate","L765"
"vermezzo con zelo","M424"
"vermiglio","L769"
"vernante","L771"
"vernasca","L772"
"vernate","L773"
"vernazza","L774"
"vernio","L775"
"vernole","L776"
"verolanuova","L777"
"verolavecchia","L778"
"verolengo","L779"
"veroli","L780"
"verona","L781"
"veronella","D193"
"verrayes","L783"
"verretto","L784"
"verrone","L785"
"verrua po","L788"
"verrua savoia","L787"
"verrès","C282"
"vertemate con minoprio","L792"
"vertova","L795"
"verucchio","L797"
"vervio","L799"
"verzegnis","L801"
"verzino","L802"
"verzuolo","L804"
"vescovana","L805"
"vescovato","L806"
"vesime","L807"
"vespolate","L808"
"vessalico","L809"
"vestenanova","L810"
"vestignè","L811"
"vestone","L812"
"vetralla","L814"
"vetto","L815"
"vezza d'alba","L817"
"vezza d'oglio","L816"
"vezzano ligure","L819"
"vezzano sul crostolo","L820"
"vezzi portio","L823"
"viadana","L826"
"viadanica","L827"
"viagrande","L828"
"viale","L829"
"vialfrè","L830"
"viano","L831"
"viareggio","L833"
"viarigi","L834"
"vibo valentia","F537"
"vibonati","L835"
"vicalvi","L836"
"vicari","L837"
"vicchio","L838"
"vicenza","L840"
"vico equense","L845"
"vico del gargano","L842"
"vico nel lazio","L843"
"vicoforte","L841"
"vicoli","L846"
"vicolungo","L847"
"vicopisano","L850"
"vicovaro","L851"
"viddalba","M259"
"vidigulfo","L854"
"vidor","L856"
"vidracco","L857"
"vieste","L858"
"vietri di potenza","L859"
"vietri sul mare","L860"
"vigano san martino","L865"
"viganò","L866"
"vigarano mainarda","L868"
"vigasio","L869"
"vigevano","L872"
"viggianello","L873"
"viggiano","L874"
"viggiù","L876"
"vigliano biellese","L880"
"vigliano d'asti","L879"
"vignale monferrato","L881"
"vignanello","L882"
"vignate","L883"
"vignola","L885"
"vignola-falesina","L886"
"vignole borbera","L887"
"vignolo","L888"
"vignone","L889"
"vigo di cadore","L890"
"vigodarzere","L892"
"vigolo","L894"
"vigolzone","L897"
"vigone","L898"
"vigonovo","L899"
"vigonza","L900"
"viguzzolo","L904"
"villa bartolomea","L912"
"villa basilica","L913"
"villa biscossi","L917"
"villa carcina","L919"
"villa castelli","L920"
"villa celiera","L922"
"villa collemandina","L926"
"villa cortese","L928"
"villa estense","L937"
"villa faraldi","L943"
"villa guardia","L956"
"villa lagarina","L957"
"villa latina","A081"
"villa literno","L844"
"villa minozzo","L969"
"villa san giovanni","M018"
"villa san giovanni in tuscia","H913"
"villa san pietro","I118"
"villa san secondo","M019"
"villa sant'angelo","M023"
"villa sant'antonio","I298"
"villa santa lucia","L905"
"villa santa lucia degli abruzzi","M021"
"villa santa maria","M022"
"villa santina","L909"
"villa santo stefano","I364"
"villa verde","A609"
"villa d'adda","L929"
"villa d'almè","A215"
"villa d'ogna","L938"
"villa del bosco","L933"
"villa del conte","L934"
"villa di briano","D801"
"villa di chiavenna","L907"
"villa di serio","L936"
"villa di tirano","L908"
"villabassa","L915"
"villabate","L916"
"villachiara","L923"
"villacidro","L924"
"villadeati","L931"
"villadose","L939"
"villadossola","L906"
"villafalletto","L942"
"villafranca padovana","L947"
"villafranca piemonte","L948"
"villafranca sicula","L944"
"villafranca tirrena","L950"
"villafranca d'asti","L945"
"villafranca di verona","L949"
"villafranca in lunigiana","L946"
"villafrati","L951"
"villaga","L952"
"villagrande strisaili","L953"
"villalago","L958"
"villalba","L959"
"villalfonsina","L961"
"villalvernia","L963"
"villamagna","L964"
"villamaina","L965"
"villamar","L966"
"villamarzana","L967"
"villamassargia","L968"
"villamiroglio","L970"
"villandro","L971"
"villanova biellese","L978"
"villanova canavese","L982"
"villanova marchesana","L988"
"villanova mondovì","L974"
"villanova monferrato","L972"
"villanova monteleone","L989"
"villanova solaro","L990"
"villanova truschedu","L991"
"villanova tulo","L992"
"villanova d'albenga","L975"
"villanova d'ardenghi","L983"
"villanova d'asti","L984"
"villanova del battista","L973"
"villanova del ghebbo","L985"
"villanova del sillaro","L977"
"villanova di camposampiero","L979"
"villanova sull'arda","L980"
"villanovaforru","L986"
"villanovafranca","L987"
"villanterio","L994"
"villanuova sul clisi","L995"
"villaperuccio","M278"
"villapiana","B903"
"villaputzu","L998"
"villar dora","L999"
"villar focchiardo","M007"
"villar pellice","M013"
"villar perosa","M014"
"villar san costanzo","M015"
"villarbasse","M002"
"villarboit","M003"
"villareggia","M004"
"villaricca","G309"
"villaromagnano","M009"
"villarosa","M011"
"villasalto","M016"
"villasanta","M017"
"villasimius","B738"
"villasor","M025"
"villaspeciosa","M026"
"villastellone","M027"
"villata","M028"
"villaurbana","M030"
"villavallelonga","M031"
"villaverla","M032"
"ville d'anaunia","M363"
"ville di fiemme","M431"
"villeneuve","L981"
"villesse","M043"
"villetta barrea","M041"
"villette","M042"
"villimpenta","M044"
"villongo","M045"
"villorba","M048"
"vilminore di scalve","M050"
"vimercate","M052"
"vimodrone","M053"
"vinadio","M055"
"vinchiaturo","M057"
"vinchio","M058"
"vinci","M059"
"vinovo","M060"
"vinzaglio","M062"
"viola","M063"
"vione","M065"
"vipiteno","M067"
"virle piemonte","M069"
"visano","M070"
"vische","M071"
"visciano","M072"
"visco","M073"
"visone","M077"
"visso","M078"
"vistarino","M079"
"vistrorio","M080"
"vita","M081"
"viterbo","M082"
"viticuso","M083"
"vito d'asio","M085"
"vitorchiano","M086"
"vittoria","M088"
"vittorio veneto","M089"
"vittorito","M090"
"vittuone","M091"
"vitulano","M093"
"vitulazio","M092"
"vivaro","M096"
"vivaro romano","M095"
"viverone","M098"
"vizzini","M100"
"vizzola ticino","M101"
"vizzolo predabissi","M102"
"viù","M094"
"vo'","M103"
"vobarno","M104"
"vobbia","M105"
"vocca","M106"
"vodo cadore","M108"
"voghera","M109"
"voghiera","M110"
"vogogna","M111"
"volano","M113"
"volla","M115"
"volongo","M116"
"volpago del montello","M118"
"volpara","M119"
"volpedo","M120"
"volpeglino","M121"
"volpiano","M122"
"volta mantovana","M125"
"voltaggio","M123"
"voltago agordino","M124"
"volterra","M126"
"voltido","M127"
"volturara appula","M131"
"volturara irpina","M130"
"volturino","M132"
"volvera","M133"
"vottignasco","M136"
"zaccanopoli","M138"
"zafferana etnea","M139"
"zagarise","M140"
"zagarolo","M141"
"zambrone","M143"
"zandobbio","M144"
"zanica","M147"
"zanè","M145"
"zapponeta","M267"
"zavattarello","M150"
"zeccone","M152"
"zeddiani","M153"
"zelbio","M156"
"zelo buon persico","M158"
"zeme","M161"
"zenevredo","M162"
"zenson di piave","M163"
"zerba","M165"
"zerbo","M166"
"zerbolò","M167"
"zerfaliu","M168"
"zeri","M169"
"zermeghedo","M170"
"zero branco","M171"
"zevio","M172"
"ziano piacentino","L848"
"ziano di fiemme","M173"
"zibido san giacomo","M176"
"zignago","M177"
"zimella","M178"
"zimone","M179"
"zinasco","M180"
"zoagli","M182"
"zocca","M183"
"zogno","M184"
"zola predosa","M185"
"zollino","M187"
"zone","M188"
"zoppola","M190"
"zoppè di cadore","M189"
"zovencedo","M194"
"zubiena","M196"
"zuccarello","M197"
"zugliano","M199"
"zuglio","M200"
"zumaglia","M201"
"zumpano","M202"
"zungoli","M203"
"zungri","M204"
